Country,Happiness Score,GDP per Capita,Life Expectancy,Region,Social Support,Freedom,Generosity,Corruption,Year,Income Group
Finland,7.769,13400.0,79.78999999999999,Europe & Central Asia,1.587,0.596,0.153,0.393,2019,Lower middle income
Denmark,7.6,13830.0,79.94,Europe & Central Asia,1.573,0.592,0.252,0.41,2019,Lower middle income
Norway,7.554,14880.0,80.42,Europe & Central Asia,1.582,0.603,0.271,0.341,2019,Lower middle income
Iceland,7.494,13799.999999999998,80.39,Europe & Central Asia,1.624,0.591,0.354,0.118,2019,Lower middle income
Netherlands,7.488,13959.999999999998,79.985,Europe & Central Asia,1.522,0.557,0.322,0.298,2019,Lower middle income
Switzerland,7.48,14520.0,80.78,Europe & Central Asia,1.526,0.572,0.263,0.343,2019,Lower middle income
Sweden,7.343,13870.0,80.13499999999999,Europe & Central Asia,1.487,0.574,0.267,0.373,2019,Lower middle income
New Zealand,7.307,13030.0,80.39,East Asia & Pacific,1.557,0.585,0.33,0.38,2019,Lower middle income
Canada,7.278,13650.0,80.585,North America,1.505,0.584,0.285,0.308,2019,Lower middle income
Austria,7.246,13759.999999999998,80.24,Europe & Central Asia,1.475,0.532,0.244,0.226,2019,Lower middle income
Australia,7.228,13720.000000000002,80.54,East Asia & Pacific,1.548,0.557,0.332,0.29,2019,Lower middle income
Costa Rica,7.167,10340.0,79.445,Latin America & Caribbean,1.441,0.558,0.144,0.093,2019,Lower middle income
Israel,7.139,12760.0,80.435,Middle East & North Africa,1.455,0.371,0.261,0.082,2019,Lower middle income
Luxembourg,7.09,16090.0,80.18,Europe & Central Asia,1.479,0.526,0.194,0.316,2019,Upper middle income
United Kingdom,7.054,13330.0,79.94,Europe & Central Asia,1.538,0.45,0.348,0.278,2019,Lower middle income
Ireland,7.021,14990.000000000002,79.985,Europe & Central Asia,1.553,0.516,0.298,0.31,2019,Lower middle income
Germany,6.985,13730.0,79.805,Europe & Central Asia,1.454,0.495,0.261,0.265,2019,Lower middle income
Belgium,6.923,13560.000000000002,79.78999999999999,Europe & Central Asia,1.504,0.473,0.16,0.21,2019,Lower middle income
United States,6.892,14330.0,78.11,North America,1.457,0.454,0.28,0.128,2019,Lower middle income
Czech Republic,6.852,12689.999999999998,78.8,Eastern Europe,1.487,0.457,0.046,0.036,2019,Lower middle income
United Arab Emirates,6.825,15029.999999999998,77.375,Middle East & North Africa,1.31,0.598,0.262,0.182,2019,Upper middle income
Malta,6.726,13000.0,79.985,Middle East & North Africa,1.52,0.564,0.375,0.151,2019,Lower middle income
Mexico,6.595,10700.0,77.91499999999999,Latin America & Caribbean,1.323,0.433,0.074,0.073,2019,Lower middle income
France,6.592,13240.0,80.675,Europe & Central Asia,1.472,0.436,0.111,0.183,2019,Lower middle income
Taiwan,6.446,13680.000000000002,78.71000000000001,East Asia,1.43,0.351,0.242,0.097,2019,Lower middle income
Chile,6.444,11590.0,78.8,Latin America & Caribbean,1.369,0.357,0.187,0.056,2019,Lower middle income
Guatemala,6.436,8000.0,76.19,Latin America & Caribbean,1.269,0.535,0.175,0.078,2019,Lower middle income
Saudi Arabia,6.375,14030.0,76.925,Middle East & North Africa,1.357,0.439,0.08,0.132,2019,Lower middle income
Qatar,6.374,16840.0,78.065,Middle East & North Africa,1.313,0.555,0.22,0.167,2019,Upper middle income
Spain,6.354,12860.0,80.93,Europe & Central Asia,1.484,0.362,0.153,0.079,2019,Lower middle income
Panama,6.321,11490.0,78.65,Latin America & Caribbean,1.442,0.516,0.109,0.054,2019,Lower middle income
Brazil,6.3,10040.0,77.03,Latin America & Caribbean,1.439,0.39,0.099,0.086,2019,Lower middle income
Uruguay,6.293,11240.000000000002,78.365,Latin America & Caribbean,1.465,0.523,0.127,0.15,2019,Lower middle income
Singapore,6.262,15720.0,82.11500000000001,East Asia & Pacific,1.463,0.556,0.271,0.453,2019,Upper middle income
El Salvador,6.253,7940.0,76.83500000000001,Latin America & Caribbean,1.242,0.43,0.093,0.074,2019,Lower middle income
Italy,6.223,12940.0,80.585,Europe & Central Asia,1.488,0.231,0.158,0.03,2019,Lower middle income
Bahrain,6.199,13620.000000000002,78.065,Middle East & North Africa,1.368,0.536,0.255,0.11,2019,Lower middle income
Slovakia,6.198,12460.0,78.215,Eastern Europe,1.504,0.334,0.121,0.014,2019,Lower middle income
Trinidad & Tobago,6.192,12310.000000000002,75.695,Other,1.477,0.489,0.185,0.016,2019,Lower middle income
Poland,6.182,12060.0,78.26,Europe & Central Asia,1.438,0.483,0.117,0.05,2019,Lower middle income
Uzbekistan,6.174,7450.0,76.34,Europe & Central Asia,1.529,0.631,0.322,0.24,2019,Lower middle income
Lithuania,6.149,12380.0,77.27,Europe & Central Asia,1.515,0.291,0.043,0.042,2019,Lower middle income
Colombia,6.125,9850.0,77.615,Latin America & Caribbean,1.41,0.47,0.099,0.034,2019,Lower middle income
Slovenia,6.118,12580.0,79.295,Europe & Central Asia,1.523,0.564,0.144,0.057,2019,Lower middle income
Nicaragua,6.105,6939.999999999999,77.525,Latin America & Caribbean,1.325,0.435,0.2,0.127,2019,Lower middle income
Kosovo,6.1,8820.0,76.37,Other,1.232,0.489,0.262,0.006,2019,Lower middle income
Argentina,6.086,10920.0,78.215,Latin America & Caribbean,1.432,0.471,0.066,0.05,2019,Lower middle income
Romania,6.07,11620.0,77.375,Europe & Central Asia,1.232,0.462,0.083,0.005,2019,Lower middle income
Cyprus,6.046,12629.999999999998,80.63,Europe & Central Asia,1.223,0.406,0.19,0.041,2019,Lower middle income
Ecuador,6.028,9120.0,78.02,Latin America & Caribbean,1.312,0.498,0.126,0.087,2019,Lower middle income
Kuwait,6.021,15000.0,77.12,Middle East & North Africa,1.319,0.493,0.142,0.097,2019,Upper middle income
Thailand,6.008,10500.0,77.42,East Asia & Pacific,1.409,0.557,0.359,0.028,2019,Lower middle income
Latvia,5.94,11870.0,77.18,Europe & Central Asia,1.465,0.264,0.075,0.064,2019,Lower middle income
South Korea,5.895,13010.0,80.54,East Asia,1.219,0.159,0.175,0.056,2019,Lower middle income
Estonia,5.893,12370.000000000002,78.11,Europe & Central Asia,1.528,0.495,0.103,0.161,2019,Lower middle income
Jamaica,5.89,8310.0,77.465,Latin America & Caribbean,1.478,0.49,0.107,0.028,2019,Lower middle income
Mauritius,5.888,11200.000000000002,76.97,Sub-Saharan Africa,1.402,0.498,0.215,0.06,2019,Lower middle income
Japan,5.886,13270.0,81.32,East Asia & Pacific,1.419,0.445,0.069,0.14,2019,Lower middle income
Honduras,5.86,6420.0,77.42,Latin America & Caribbean,1.236,0.507,0.246,0.078,2019,Lower middle income
Kazakhstan,5.809,11730.0,75.935,Europe & Central Asia,1.508,0.41,0.146,0.096,2019,Lower middle income
Bolivia,5.779,7760.0,75.59,Latin America & Caribbean,1.209,0.511,0.137,0.064,2019,Lower middle income
Hungary,5.758,12010.0,77.42,Europe & Central Asia,1.41,0.199,0.081,0.02,2019,Lower middle income
Paraguay,5.743,8550.0,76.655,Latin America & Caribbean,1.475,0.514,0.184,0.08,2019,Lower middle income
Northern Cyprus,5.718,12629.999999999998,80.63,Other,1.252,0.417,0.191,0.162,2019,Lower middle income
Peru,5.697,9600.0,77.81,Latin America & Caribbean,1.274,0.455,0.083,0.027,2019,Lower middle income
Portugal,5.693,12210.0,79.985,Europe & Central Asia,1.431,0.508,0.047,0.025,2019,Lower middle income
Pakistan,5.653,6770.000000000001,73.025,South Asia,0.886,0.313,0.22,0.098,2019,Lower middle income
Russia,5.648,11830.0,75.89,Other,1.452,0.334,0.082,0.031,2019,Lower middle income
Philippines,5.631,8070.000000000001,74.855,East Asia & Pacific,1.293,0.558,0.117,0.107,2019,Lower middle income
Serbia,5.603,10040.0,77.81,Europe & Central Asia,1.383,0.282,0.137,0.039,2019,Lower middle income
Moldova,5.529,6850.000000000001,76.085,Europe & Central Asia,1.328,0.245,0.181,0.0,2019,Lower middle income
Libya,5.525,10440.0,75.095,Middle East & North Africa,1.303,0.416,0.133,0.152,2019,Lower middle income
Montenegro,5.523,10510.0,78.065,Europe & Central Asia,1.361,0.197,0.142,0.08,2019,Lower middle income
Tajikistan,5.467,4930.0,75.77,Europe & Central Asia,1.098,0.389,0.23,0.144,2019,Low income
Croatia,5.432,11550.0,78.71000000000001,Europe & Central Asia,1.266,0.296,0.119,0.022,2019,Lower middle income
Hong Kong,5.43,14380.0,81.83,East Asia,1.277,0.44,0.258,0.287,2019,Lower middle income
Dominican Republic,5.425,10149.999999999998,76.685,Latin America & Caribbean,1.401,0.497,0.113,0.101,2019,Lower middle income
Bosnia and Herzegovina,5.386,9450.0,77.675,Europe & Central Asia,1.212,0.212,0.263,0.006,2019,Lower middle income
Turkey,5.373,11830.0,77.12,Other,1.36,0.195,0.083,0.106,2019,Lower middle income
Malaysia,5.339,12210.0,77.42,East Asia & Pacific,1.171,0.508,0.26,0.024,2019,Lower middle income
Belarus,5.323,10670.0,76.83500000000001,Europe & Central Asia,1.465,0.235,0.094,0.142,2019,Lower middle income
Greece,5.287,11810.0,79.985,Europe & Central Asia,1.156,0.067,0.0,0.034,2019,Lower middle income
Mongolia,5.285,9480.0,75.005,East Asia & Pacific,1.531,0.317,0.235,0.038,2019,Lower middle income
North Macedonia,5.274,9830.0,77.57,Europe & Central Asia,1.294,0.345,0.185,0.034,2019,Lower middle income
Nigeria,5.265,6959.999999999999,68.675,Sub-Saharan Africa,1.111,0.426,0.215,0.041,2019,Lower middle income
Kyrgyzstan,5.261,5510.0,75.845,Other,1.438,0.508,0.3,0.023,2019,Lower middle income
Turkmenistan,5.247,10520.0,74.855,Europe & Central Asia,1.538,0.394,0.244,0.028,2019,Lower middle income
Algeria,5.211,10020.0,76.775,Middle East & North Africa,1.16,0.086,0.073,0.114,2019,Lower middle income
Morocco,5.208,8010.0,76.73,Middle East & North Africa,0.782,0.418,0.036,0.076,2019,Lower middle income
Azerbaijan,5.208,10430.0,76.535,Europe & Central Asia,1.147,0.351,0.035,0.182,2019,Lower middle income
Lebanon,5.197,9870.0,77.225,Middle East & North Africa,1.224,0.216,0.166,0.027,2019,Lower middle income
Indonesia,5.192,9310.0,74.9,East Asia & Pacific,1.203,0.491,0.498,0.028,2019,Lower middle income
China,5.191,10290.0,78.395,East Asia & Pacific,1.125,0.521,0.058,0.1,2019,Lower middle income
Vietnam,5.175,7410.0,77.765,East Asia & Pacific,1.346,0.543,0.147,0.073,2019,Lower middle income
Bhutan,5.082,8129.999999999999,74.06,South Asia,1.321,0.457,0.37,0.167,2019,Lower middle income
Cameroon,5.044,5490.0,69.965,Sub-Saharan Africa,0.91,0.381,0.187,0.037,2019,Lower middle income
Bulgaria,5.011,10920.0,77.225,Europe & Central Asia,1.513,0.311,0.081,0.004,2019,Lower middle income
Ghana,4.996,6110.0,72.29,Sub-Saharan Africa,0.868,0.381,0.245,0.04,2019,Lower middle income
Ivory Coast,4.944,5689.999999999999,68.48,Other,0.808,0.352,0.154,0.09,2019,Lower middle income
Nepal,4.913,4460.0,75.155,South Asia,1.226,0.439,0.285,0.089,2019,Low income
Jordan,4.906,8370.0,77.225,Middle East & North Africa,1.225,0.383,0.11,0.13,2019,Lower middle income
Benin,4.883,3930.0,70.955,Sub-Saharan Africa,0.437,0.349,0.175,0.082,2019,Low income
Congo (Brazzaville),4.812,6730.0,72.62,Other,0.799,0.372,0.105,0.093,2019,Lower middle income
Gabon,4.799,10570.0,73.565,Sub-Saharan Africa,1.183,0.295,0.043,0.055,2019,Lower middle income
Laos,4.796,7640.0,73.265,Other,1.03,0.547,0.266,0.164,2019,Lower middle income
South Africa,4.722,9600.0,72.035,Sub-Saharan Africa,1.351,0.389,0.13,0.055,2019,Lower middle income
Albania,4.719,9470.0,78.11,Europe & Central Asia,0.848,0.383,0.178,0.027,2019,Lower middle income
Venezuela,4.707,9600.0,77.075,Other,1.427,0.154,0.064,0.047,2019,Lower middle income
Cambodia,4.7,5740.0,74.555,East Asia & Pacific,1.122,0.609,0.232,0.062,2019,Lower middle income
Palestinian Territories,4.696,6570.0,75.08,Other,1.247,0.225,0.103,0.066,2019,Lower middle income
Senegal,4.681,4500.0,73.565,Sub-Saharan Africa,1.134,0.292,0.153,0.072,2019,Low income
Somalia,4.668,0.0,69.02,Sub-Saharan Africa,0.698,0.559,0.243,0.27,2019,Low income
Namibia,4.639,8790.0,72.155,Sub-Saharan Africa,1.313,0.401,0.07,0.056,2019,Lower middle income
Niger,4.628,1380.0000000000002,70.49,Sub-Saharan Africa,0.774,0.318,0.188,0.102,2019,Low income
Burkina Faso,4.587,3310.0,70.7,Sub-Saharan Africa,1.056,0.255,0.177,0.113,2019,Low income
Armenia,4.559,8500.0,77.225,Europe & Central Asia,1.055,0.283,0.095,0.064,2019,Lower middle income
Iran,4.548,11000.0,76.775,Other,0.842,0.305,0.27,0.125,2019,Lower middle income
Guinea,4.534,3800.0,70.625,Sub-Saharan Africa,0.829,0.332,0.207,0.086,2019,Low income
Georgia,4.519,8860.0,76.28,Europe & Central Asia,0.666,0.346,0.043,0.164,2019,Lower middle income
Gambia,4.516,3080.0,71.42,Other,0.939,0.382,0.269,0.167,2019,Low income
Kenya,4.509,5120.0,73.715,Sub-Saharan Africa,0.983,0.431,0.372,0.053,2019,Lower middle income
Mauritania,4.49,5699.999999999999,72.335,Sub-Saharan Africa,1.167,0.066,0.106,0.088,2019,Lower middle income
Mozambique,4.466,2039.9999999999998,70.85,Sub-Saharan Africa,0.986,0.494,0.197,0.138,2019,Low income
Tunisia,4.461,9210.0,77.225,Middle East & North Africa,1.0,0.167,0.059,0.055,2019,Lower middle income
Bangladesh,4.456,5620.000000000001,75.845,South Asia,0.928,0.527,0.166,0.143,2019,Lower middle income
Iraq,4.437,10430.0,73.61,Middle East & North Africa,0.98,0.241,0.148,0.089,2019,Lower middle income
Congo (Kinshasa),4.418,940.0,70.355,Other,1.125,0.269,0.212,0.053,2019,Low income
Mali,4.39,3850.0,69.62,Sub-Saharan Africa,1.105,0.327,0.153,0.052,2019,Low income
Sierra Leone,4.374,2680.0,68.63,Sub-Saharan Africa,0.841,0.309,0.252,0.045,2019,Low income
Sri Lanka,4.366,9490.0,77.465,South Asia,1.265,0.47,0.244,0.047,2019,Lower middle income
Myanmar,4.36,7100.0,73.325,East Asia & Pacific,1.181,0.525,0.566,0.172,2019,Lower middle income
Chad,4.35,3500.0,67.88,Sub-Saharan Africa,0.766,0.174,0.198,0.078,2019,Low income
Ukraine,4.332,8200.0,76.085,Europe & Central Asia,1.39,0.178,0.187,0.01,2019,Lower middle income
Ethiopia,4.286,3360.0,72.98,Sub-Saharan Africa,1.033,0.344,0.209,0.1,2019,Low income
Swaziland,4.212,8110.000000000001,65.0,Other,1.149,0.313,0.074,0.135,2019,Lower middle income
Uganda,4.189,3320.0,71.645,Sub-Saharan Africa,1.069,0.356,0.252,0.06,2019,Low income
Egypt,4.166,9130.0,74.66,Other,1.039,0.241,0.076,0.067,2019,Lower middle income
Zambia,4.107,5780.0,71.39,Sub-Saharan Africa,1.058,0.431,0.247,0.087,2019,Lower middle income
Togo,4.085,2750.0,71.15,Sub-Saharan Africa,0.572,0.293,0.177,0.085,2019,Low income
India,4.015,7550.0,73.82,South Asia,0.765,0.498,0.2,0.085,2019,Lower middle income
Liberia,3.975,730.0,71.645,Sub-Saharan Africa,0.922,0.37,0.233,0.033,2019,Low income
Comoros,3.973,2740.0,72.575,Sub-Saharan Africa,0.757,0.142,0.275,0.078,2019,Low income
Madagascar,3.933,2740.0,73.325,Sub-Saharan Africa,0.916,0.148,0.169,0.041,2019,Low income
Lesotho,3.802,4890.0,67.52,Sub-Saharan Africa,1.169,0.359,0.107,0.093,2019,Low income
Burundi,3.775,460.0,70.7,Sub-Saharan Africa,0.447,0.22,0.176,0.18,2019,Low income
Zimbabwe,3.663,3660.0,71.495,Sub-Saharan Africa,1.114,0.361,0.151,0.089,2019,Low income
Haiti,3.597,3230.0,71.735,Latin America & Caribbean,0.688,0.026,0.419,0.11,2019,Low income
Botswana,3.488,10410.0,73.07,Sub-Saharan Africa,1.145,0.455,0.025,0.1,2019,Lower middle income
Syria,3.462,6190.0,71.6,Other,0.378,0.013,0.331,0.141,2019,Lower middle income
Malawi,3.41,1910.0,72.425,Sub-Saharan Africa,0.56,0.443,0.218,0.089,2019,Low income
Yemen,3.38,2870.0,71.945,Other,1.163,0.143,0.108,0.077,2019,Low income
Rwanda,3.334,3590.0,74.21,Sub-Saharan Africa,0.711,0.555,0.217,0.411,2019,Low income
Tanzania,3.231,4760.0,72.485,Sub-Saharan Africa,0.885,0.417,0.276,0.147,2019,Low income
Afghanistan,3.203,3500.0,70.415,South Asia,0.517,0.0,0.158,0.025,2019,Low income
Central African Republic,3.083,260.0,66.575,Sub-Saharan Africa,0.0,0.225,0.235,0.035,2019,Low income
South Sudan,2.853,3060.0,69.425,Sub-Saharan Africa,0.575,0.01,0.202,0.091,2019,Low income
Finland,7.46295411741326,13389.439022323806,76.52376458613378,Europe & Central Asia,1.587,0.596,0.153,0.393,2015,Lower middle income
Denmark,7.85122311055901,13514.345139740128,78.58358807190227,Europe & Central Asia,1.573,0.592,0.252,0.41,2015,Lower middle income
Norway,7.242780719627941,15067.407002207865,82.26614565405832,Europe & Central Asia,1.582,0.603,0.271,0.341,2015,Lower middle income
Iceland,7.475907636770424,14350.849566707273,78.735463773129,Europe & Central Asia,1.624,0.591,0.354,0.118,2015,Lower middle income
Netherlands,7.237832790174274,13277.355247832858,78.30602656963897,Europe & Central Asia,1.522,0.557,0.322,0.298,2015,Lower middle income
Switzerland,7.7534624751721335,15106.638352078302,80.45211903212456,Europe & Central Asia,1.526,0.572,0.263,0.343,2015,Lower middle income
Sweden,7.524489536141682,13968.140581175872,81.91115781932317,Europe & Central Asia,1.487,0.574,0.267,0.373,2015,Lower middle income
New Zealand,7.209198200239246,12398.675163037498,81.22103174577181,East Asia & Pacific,1.557,0.585,0.33,0.38,2015,Lower middle income
Canada,6.97843752800238,14138.31416843495,83.18609237096169,North America,1.505,0.584,0.285,0.308,2015,Lower middle income
Austria,6.962581167286354,13209.009801931106,80.505194141147,Europe & Central Asia,1.475,0.532,0.244,0.226,2015,Lower middle income
Australia,7.379580087114977,14301.89774864034,78.75844382692736,East Asia & Pacific,1.548,0.557,0.332,0.29,2015,Lower middle income
Costa Rica,7.498003144221321,9907.234055324972,81.16252501000989,Latin America & Caribbean,1.441,0.558,0.144,0.093,2015,Lower middle income
Israel,6.804191737747565,13105.440803825193,80.16746770334522,Middle East & North Africa,1.455,0.371,0.261,0.082,2015,Lower middle income
Luxembourg,7.078934557453123,16655.43468296294,76.93638859777205,Europe & Central Asia,1.479,0.526,0.194,0.316,2015,Upper middle income
United Kingdom,6.931444079424498,13362.355334429467,76.84080703220896,Europe & Central Asia,1.538,0.45,0.348,0.278,2015,Lower middle income
Ireland,6.672191476652879,15513.845730547133,79.54530795162256,Europe & Central Asia,1.553,0.516,0.298,0.31,2015,Lower middle income
Germany,6.905774583914765,13990.220962135287,82.68525089786411,Europe & Central Asia,1.454,0.495,0.261,0.265,2015,Lower middle income
Belgium,7.041350759383097,13689.015528538399,80.88850707142188,Europe & Central Asia,1.504,0.473,0.16,0.21,2015,Lower middle income
United States,7.22928569251097,13718.052737678881,76.68258809796635,North America,1.457,0.454,0.28,0.128,2015,Lower middle income
Czech Republic,7.167345651334539,12583.440648324531,81.81454854134707,Eastern Europe,1.487,0.457,0.046,0.036,2015,Lower middle income
United Arab Emirates,6.894648737220568,14849.861356147403,80.06555539615671,Middle East & North Africa,1.31,0.598,0.262,0.182,2015,Upper middle income
Malta,6.736559460838584,13390.551355361036,82.07433458927771,Middle East & North Africa,1.52,0.564,0.375,0.151,2015,Lower middle income
Mexico,6.515519969813842,10949.95817882276,76.07645975462916,Latin America & Caribbean,1.323,0.433,0.074,0.073,2015,Lower middle income
France,6.467643123734092,12616.904898302364,82.01099486224614,Europe & Central Asia,1.472,0.436,0.111,0.183,2015,Lower middle income
Taiwan,6.61465879261209,13246.913742518609,76.93774402039327,East Asia,1.43,0.351,0.242,0.097,2015,Lower middle income
Chile,6.509998054102309,11532.616537407272,75.1908778807681,Latin America & Caribbean,1.369,0.357,0.187,0.056,2015,Lower middle income
Guatemala,6.264191514702378,7952.825499368054,79.45720305173624,Latin America & Caribbean,1.269,0.535,0.175,0.078,2015,Lower middle income
Saudi Arabia,6.2325814765680345,14184.232084817628,77.66454756730664,Middle East & North Africa,1.357,0.439,0.08,0.132,2015,Lower middle income
Qatar,6.652132566416721,16582.56173872868,78.52036651941718,Middle East & North Africa,1.313,0.555,0.22,0.167,2015,Upper middle income
Spain,6.517366571577736,12887.001623995076,80.28057234313096,Europe & Central Asia,1.484,0.362,0.153,0.079,2015,Lower middle income
Panama,6.40404776856823,12009.098482917367,81.60632707621257,Latin America & Caribbean,1.442,0.516,0.109,0.054,2015,Lower middle income
Brazil,6.056665321965331,10020.69925926052,73.88007982518847,Latin America & Caribbean,1.439,0.39,0.099,0.086,2015,Lower middle income
Uruguay,6.1217030348135495,10771.64834004392,75.4399062234445,Latin America & Caribbean,1.465,0.523,0.127,0.15,2015,Lower middle income
Singapore,6.3839420340582205,16071.962511003965,82.76439355413586,East Asia & Pacific,1.463,0.556,0.271,0.453,2015,Upper middle income
El Salvador,6.279734768255816,7936.675112078506,78.80844734358722,Latin America & Caribbean,1.242,0.43,0.093,0.074,2015,Lower middle income
Italy,5.919341741441362,12441.665985064794,78.9145454356741,Europe & Central Asia,1.488,0.231,0.158,0.03,2015,Lower middle income
Bahrain,6.037194656656581,13767.196099289173,74.37861676650213,Middle East & North Africa,1.368,0.536,0.255,0.11,2015,Lower middle income
Slovakia,6.408826115823412,12401.53409734486,81.67778278066245,Eastern Europe,1.504,0.334,0.121,0.014,2015,Lower middle income
Trinidad & Tobago,5.966531440408267,12454.059035873846,74.93561376236596,Other,1.477,0.489,0.185,0.016,2015,Lower middle income
Poland,5.9040666236235735,12109.291711659262,77.96716157447439,Europe & Central Asia,1.438,0.483,0.117,0.05,2015,Lower middle income
Uzbekistan,6.0916143329371355,7632.404004686399,74.36608302076395,Europe & Central Asia,1.529,0.631,0.322,0.24,2015,Lower middle income
Lithuania,6.10376799437018,12038.215269546026,78.45418854771842,Europe & Central Asia,1.515,0.291,0.043,0.042,2015,Lower middle income
Colombia,5.854865303828796,10073.424264680405,76.45144677673731,Latin America & Caribbean,1.41,0.47,0.099,0.034,2015,Lower middle income
Slovenia,6.112464237714341,13067.074102473898,80.47821836952244,Europe & Central Asia,1.523,0.564,0.144,0.057,2015,Lower middle income
Nicaragua,6.371091397197357,7169.703194621657,79.78262307101049,Latin America & Caribbean,1.325,0.435,0.2,0.127,2015,Lower middle income
Kosovo,5.951754700610881,8779.641656804155,78.81104166684896,Other,1.232,0.489,0.262,0.006,2015,Lower middle income
Argentina,6.125288352791654,10625.885195319857,76.8264203613608,Latin America & Caribbean,1.432,0.471,0.066,0.05,2015,Lower middle income
Romania,6.18192577959585,12082.572473628583,79.80546780490297,Europe & Central Asia,1.232,0.462,0.083,0.005,2015,Lower middle income
Cyprus,5.766556001266407,12340.586066558673,78.067646686668,Europe & Central Asia,1.223,0.406,0.19,0.041,2015,Lower middle income
Ecuador,6.304565905805596,9521.559041394139,77.0926603414234,Latin America & Caribbean,1.312,0.498,0.126,0.087,2015,Lower middle income
Kuwait,6.298909761439245,14955.315815261463,74.89138291970363,Middle East & North Africa,1.319,0.493,0.142,0.097,2015,Upper middle income
Thailand,6.087408925267876,10168.63428786987,75.25074220751836,East Asia & Pacific,1.409,0.557,0.359,0.028,2015,Lower middle income
Latvia,5.667629350814879,12440.353778949477,74.46547536171865,Europe & Central Asia,1.465,0.264,0.075,0.064,2015,Lower middle income
South Korea,5.830342486014389,12846.28160688989,81.92392067386051,East Asia,1.219,0.159,0.175,0.056,2015,Lower middle income
Estonia,5.661047568413125,12636.603409699197,76.76960068640966,Europe & Central Asia,1.528,0.495,0.103,0.161,2015,Lower middle income
Jamaica,5.8432329367417655,7895.518626679422,73.60699048262575,Latin America & Caribbean,1.478,0.49,0.107,0.028,2015,Lower middle income
Mauritius,5.817932100647196,10658.04166224848,77.37213864446696,Sub-Saharan Africa,1.402,0.498,0.215,0.06,2015,Lower middle income
Japan,5.98989856722688,12796.841741424354,83.95247963288932,East Asia & Pacific,1.419,0.445,0.069,0.14,2015,Lower middle income
Honduras,5.9033103876266075,6193.95718804082,76.68334939597044,Latin America & Caribbean,1.236,0.507,0.246,0.078,2015,Lower middle income
Kazakhstan,5.765029269123934,11939.793353638383,79.49458632521954,Europe & Central Asia,1.508,0.41,0.146,0.096,2015,Lower middle income
Bolivia,5.66021206150615,7814.305968970506,71.9779747566557,Latin America & Caribbean,1.209,0.511,0.137,0.064,2015,Lower middle income
Hungary,5.710682272896684,11499.540927701324,79.04084627901548,Europe & Central Asia,1.41,0.199,0.081,0.02,2015,Lower middle income
Paraguay,5.571912985554352,8288.705549632326,77.70165034674174,Latin America & Caribbean,1.475,0.514,0.184,0.08,2015,Lower middle income
Northern Cyprus,5.655106993199942,12158.144022949291,83.27032108346137,Other,1.252,0.417,0.191,0.162,2015,Lower middle income
Peru,5.930723279537032,9893.452479430724,73.95175294217643,Latin America & Caribbean,1.274,0.455,0.083,0.027,2015,Lower middle income
Portugal,5.654141550184301,11626.480276395008,79.98409241388123,Europe & Central Asia,1.431,0.508,0.047,0.025,2015,Lower middle income
Pakistan,5.871431142228988,6920.663971732225,72.43099023677563,South Asia,0.886,0.313,0.22,0.098,2015,Lower middle income
Russia,5.494387728977594,12299.398905767512,73.32878061772234,Other,1.452,0.334,0.082,0.031,2015,Lower middle income
Philippines,5.839015362164009,7720.169206532231,72.09100334646794,East Asia & Pacific,1.293,0.558,0.117,0.107,2015,Lower middle income
Serbia,5.590732857519204,10239.729939789293,78.59516746944098,Europe & Central Asia,1.383,0.282,0.137,0.039,2015,Lower middle income
Moldova,5.269318650387799,7136.72759013876,78.12747067301696,Europe & Central Asia,1.328,0.245,0.181,0.0,2015,Lower middle income
Libya,5.778397167672995,10512.820428650404,75.8500232124393,Middle East & North Africa,1.303,0.416,0.133,0.152,2015,Lower middle income
Montenegro,5.3319470225802625,10412.717300785645,80.39061962650312,Europe & Central Asia,1.361,0.197,0.142,0.08,2015,Lower middle income
Tajikistan,5.623327197261425,4951.419237834456,73.68694807882031,Europe & Central Asia,1.098,0.389,0.23,0.144,2015,Low income
Croatia,5.422025971539206,11649.100419973456,76.78943229240556,Europe & Central Asia,1.266,0.296,0.119,0.022,2015,Lower middle income
Hong Kong,5.601944944615914,14233.897247233901,85.53013264609612,East Asia,1.277,0.44,0.258,0.287,2015,Lower middle income
Dominican Republic,5.551835351706999,10498.06148037053,79.35711736471661,Latin America & Caribbean,1.401,0.497,0.113,0.101,2015,Lower middle income
Bosnia and Herzegovina,5.346342120986387,9385.003141891873,76.33660572224764,Europe & Central Asia,1.212,0.212,0.263,0.006,2015,Lower middle income
Turkey,5.3609320052598655,11287.900717008179,74.70901205349405,Other,1.36,0.195,0.083,0.106,2015,Lower middle income
Malaysia,5.413328127980418,11836.558148087099,77.2632181844514,East Asia & Pacific,1.171,0.508,0.26,0.024,2015,Lower middle income
Belarus,5.08516462057207,10280.125073835117,73.80837321382187,Europe & Central Asia,1.465,0.235,0.094,0.142,2015,Lower middle income
Greece,5.225492149167823,11450.11894304467,77.30571395054666,Europe & Central Asia,1.156,0.067,0.0,0.034,2015,Lower middle income
Mongolia,5.2182519339503575,9926.633202262343,77.8110297489667,East Asia & Pacific,1.531,0.317,0.235,0.038,2015,Lower middle income
North Macedonia,5.259164100123659,9409.961111839535,77.47209641557784,Europe & Central Asia,1.294,0.345,0.185,0.034,2015,Lower middle income
Nigeria,5.110848582547831,6890.545138242778,70.76405855713051,Sub-Saharan Africa,1.111,0.426,0.215,0.041,2015,Lower middle income
Kyrgyzstan,5.094916747311384,5678.237478446723,77.11035354237788,Other,1.438,0.508,0.3,0.023,2015,Lower middle income
Turkmenistan,5.475693748250201,10303.306876625764,72.93111565214105,Europe & Central Asia,1.538,0.394,0.244,0.028,2015,Lower middle income
Algeria,5.128668701375031,10372.360922152864,72.99108961421129,Middle East & North Africa,1.16,0.086,0.073,0.114,2015,Lower middle income
Morocco,5.3636554912460905,8032.014401447941,76.69274271788794,Middle East & North Africa,0.782,0.418,0.036,0.076,2015,Lower middle income
Azerbaijan,5.300011614076134,10205.653008682588,78.75420178502597,Europe & Central Asia,1.147,0.351,0.035,0.182,2015,Lower middle income
Lebanon,4.9764885976646065,9783.1105436363,80.21612773686395,Middle East & North Africa,1.224,0.216,0.166,0.027,2015,Lower middle income
Indonesia,5.320583919087641,9199.139158110493,75.27502806845173,East Asia & Pacific,1.203,0.491,0.498,0.028,2015,Lower middle income
China,4.996434510156841,10207.269383462155,74.57427233299843,East Asia & Pacific,1.125,0.521,0.058,0.1,2015,Lower middle income
Vietnam,5.252164054431695,7541.814714291946,80.28241286905963,East Asia & Pacific,1.346,0.543,0.147,0.073,2015,Lower middle income
Bhutan,4.873492400667279,8385.816014233755,71.06838510874398,South Asia,1.321,0.457,0.37,0.167,2015,Lower middle income
Cameroon,5.017244560332118,5371.816548224404,72.95828533733014,Sub-Saharan Africa,0.91,0.381,0.187,0.037,2015,Lower middle income
Bulgaria,5.146928572067741,10484.728896575838,77.24537919919635,Europe & Central Asia,1.513,0.311,0.081,0.004,2015,Lower middle income
Ghana,5.176338637324982,6179.778795276695,72.15772965094796,Sub-Saharan Africa,0.868,0.381,0.245,0.04,2015,Lower middle income
Ivory Coast,4.990216612857895,5483.845514065583,67.74708680495235,Other,0.808,0.352,0.154,0.09,2015,Lower middle income
Nepal,4.709939227560497,4571.43763762685,74.7806861821211,South Asia,1.226,0.439,0.285,0.089,2015,Low income
Jordan,5.098710769392437,8757.977580655544,74.60573397019793,Middle East & North Africa,1.225,0.383,0.11,0.13,2015,Lower middle income
Benin,4.6455514932209985,3775.144293183317,68.93589443111448,Sub-Saharan Africa,0.437,0.349,0.175,0.082,2015,Low income
Congo (Brazzaville),4.936709501311789,6922.807352684173,70.05114654265489,Other,0.799,0.372,0.105,0.093,2015,Lower middle income
Gabon,4.9379539300893605,10551.365492482568,70.35286087236437,Sub-Saharan Africa,1.183,0.295,0.043,0.055,2015,Lower middle income
Laos,4.753918373820969,7786.359711242401,69.76739054151845,Other,1.03,0.547,0.266,0.164,2015,Lower middle income
South Africa,4.535805679731343,9480.846089413624,68.62641863620833,Sub-Saharan Africa,1.351,0.389,0.13,0.055,2015,Lower middle income
Albania,4.809498661672285,9743.481496890936,81.83846118022792,Europe & Central Asia,0.848,0.383,0.178,0.027,2015,Lower middle income
Venezuela,4.571602577716695,9680.288834441613,80.32203924883582,Other,1.427,0.154,0.064,0.047,2015,Lower middle income
Cambodia,4.473073825752043,6017.719565097751,73.07356345066343,East Asia & Pacific,1.122,0.609,0.232,0.062,2015,Lower middle income
Palestinian Territories,4.91163470951732,6506.575237570196,75.91531673699477,Other,1.247,0.225,0.103,0.066,2015,Lower middle income
Senegal,4.851038626621349,4498.447773477297,72.36270158125447,Sub-Saharan Africa,1.134,0.292,0.153,0.072,2015,Low income
Somalia,4.790306351127773,0.0,71.09953929093133,Sub-Saharan Africa,0.698,0.559,0.243,0.27,2015,Low income
Namibia,4.504900698785023,9083.627902335074,73.5565348849879,Sub-Saharan Africa,1.313,0.401,0.07,0.056,2015,Lower middle income
Niger,4.770199010402603,1337.836155292725,72.51892875378532,Sub-Saharan Africa,0.774,0.318,0.188,0.102,2015,Low income
Burkina Faso,4.562544757813707,3387.854909330569,73.91448770193581,Sub-Saharan Africa,1.056,0.255,0.177,0.113,2015,Low income
Armenia,4.522106674249424,8225.908646306762,80.29106952833759,Europe & Central Asia,1.055,0.283,0.095,0.064,2015,Lower middle income
Iran,4.624720137418638,10502.493172151964,75.07909078574913,Other,0.842,0.305,0.27,0.125,2015,Lower middle income
Guinea,4.554570887973307,3668.409445090302,73.53744556162434,Sub-Saharan Africa,0.829,0.332,0.207,0.086,2015,Low income
Georgia,4.3171133393368475,8451.42954446916,75.5857812345851,Europe & Central Asia,0.666,0.346,0.043,0.164,2015,Lower middle income
Gambia,4.654549678908263,2953.6324884904107,71.45586572091072,Other,0.939,0.382,0.269,0.167,2015,Low income
Kenya,4.660244620021358,5083.66885326436,74.99161298256354,Sub-Saharan Africa,0.983,0.431,0.372,0.053,2015,Lower middle income
Mauritania,4.711214178101556,5943.749653883691,69.3121446205293,Sub-Saharan Africa,1.167,0.066,0.106,0.088,2015,Lower middle income
Mozambique,4.47756045376479,2024.3174642300473,69.65303441436596,Sub-Saharan Africa,0.986,0.494,0.197,0.138,2015,Low income
Tunisia,4.424251244594746,8805.134590775928,73.44377563375689,Middle East & North Africa,1.0,0.167,0.059,0.055,2015,Lower middle income
Bangladesh,4.604347354510701,5878.6291109610465,73.59165948767125,South Asia,0.928,0.527,0.166,0.143,2015,Lower middle income
Iraq,4.559019189249717,10404.911487780542,75.77949166920503,Middle East & North Africa,0.98,0.241,0.148,0.089,2015,Lower middle income
Congo (Kinshasa),4.24917670700745,978.4333665172766,73.75885338823508,Other,1.125,0.269,0.212,0.053,2015,Low income
Mali,4.210094559358224,3735.443591587154,68.79783173947409,Sub-Saharan Africa,1.105,0.327,0.153,0.052,2015,Low income
Sierra Leone,4.523184975150163,2682.349165524579,67.46886468952063,Sub-Saharan Africa,0.841,0.309,0.252,0.045,2015,Low income
Sri Lanka,4.227867077676048,9456.132159869892,81.3209130274144,South Asia,1.265,0.47,0.244,0.047,2015,Lower middle income
Myanmar,4.155908276180459,7349.1587869979685,70.91331572386767,East Asia & Pacific,1.181,0.525,0.566,0.172,2015,Lower middle income
Chad,4.3971476980101,3603.950937926025,68.16722883014482,Sub-Saharan Africa,0.766,0.174,0.198,0.078,2015,Low income
Ukraine,4.442768988929861,8069.672429937498,74.72836827865768,Europe & Central Asia,1.39,0.178,0.187,0.01,2015,Lower middle income
Ethiopia,4.497184317595793,3217.8480756275585,72.94928348034863,Sub-Saharan Africa,1.033,0.344,0.209,0.1,2015,Low income
Swaziland,4.170460981812454,8214.65701025206,66.03658384456449,Other,1.149,0.313,0.074,0.135,2015,Lower middle income
Uganda,4.144472751938184,3428.2186093726746,70.5721593489048,Sub-Saharan Africa,1.069,0.356,0.252,0.06,2015,Low income
Egypt,4.180877794261533,8891.89061424119,77.5718472447144,Other,1.039,0.241,0.076,0.067,2015,Lower middle income
Zambia,4.230712092195761,5675.098350995855,72.32502393570837,Sub-Saharan Africa,1.058,0.431,0.247,0.087,2015,Lower middle income
Togo,4.200810019132156,2656.0174323507235,73.67729302346369,Sub-Saharan Africa,0.572,0.293,0.177,0.085,2015,Low income
India,4.1281060159636995,7424.905648317899,74.40467231026899,South Asia,0.765,0.498,0.2,0.085,2015,Lower middle income
Liberia,4.03110736653764,740.2636592065195,72.98758803820222,Sub-Saharan Africa,0.922,0.37,0.233,0.033,2015,Low income
Comoros,3.923753856281882,2800.412877719037,75.01078781146849,Sub-Saharan Africa,0.757,0.142,0.275,0.078,2015,Low income
Madagascar,3.804391119552627,2686.0890656228976,75.8279237881192,Sub-Saharan Africa,0.916,0.148,0.169,0.041,2015,Low income
Lesotho,3.776657806509842,4818.468022446967,68.27073402316964,Sub-Saharan Africa,1.169,0.359,0.107,0.093,2015,Low income
Burundi,3.7567743955525277,439.62812216903325,71.5572742411492,Sub-Saharan Africa,0.447,0.22,0.176,0.18,2015,Low income
Zimbabwe,3.734291909805908,3672.540066684026,72.86943856993774,Sub-Saharan Africa,1.114,0.361,0.151,0.089,2015,Low income
Haiti,3.4866781984209267,3352.863996291503,72.76172627260854,Latin America & Caribbean,0.688,0.026,0.419,0.11,2015,Low income
Botswana,3.470064209724283,10502.638244503703,74.38788319319889,Sub-Saharan Africa,1.145,0.455,0.025,0.1,2015,Lower middle income
Syria,3.3959223427520273,5977.424133429242,70.67481337449769,Other,0.378,0.013,0.331,0.141,2015,Lower middle income
Malawi,3.3952566666558157,1950.1413096171702,72.29356520491625,Sub-Saharan Africa,0.56,0.443,0.218,0.089,2015,Low income
Yemen,3.2122231843320757,3004.69742869791,68.3664899149206,Other,1.163,0.143,0.108,0.077,2015,Low income
Rwanda,3.2287715704608475,3448.4936013945726,76.75580118073421,Sub-Saharan Africa,0.711,0.555,0.217,0.411,2015,Low income
Tanzania,3.310714853611878,4661.167480593036,75.97077000348685,Sub-Saharan Africa,0.885,0.417,0.276,0.147,2015,Low income
Afghanistan,3.340717244450957,3356.9837798211724,72.86283450708032,South Asia,0.517,0.0,0.158,0.025,2015,Low income
Central African Republic,3.071295005372001,271.33107056813736,68.05360765138359,Sub-Saharan Africa,0.0,0.225,0.235,0.035,2015,Low income
South Sudan,2.922794623673855,2947.241206004956,67.43080008057058,Sub-Saharan Africa,0.575,0.01,0.202,0.091,2015,Low income
Finland,7.776889783725719,13253.659152774891,82.53149258534384,Europe & Central Asia,1.587,0.596,0.153,0.393,2016,Lower middle income
Denmark,7.241204350255443,14379.88009106005,81.13170119664204,Europe & Central Asia,1.573,0.592,0.252,0.41,2016,Lower middle income
Norway,7.307390437545423,15581.68454598768,76.82851206537944,Europe & Central Asia,1.582,0.603,0.271,0.341,2016,Lower middle income
Iceland,7.716977065893727,13355.77606519742,80.93071403681317,Europe & Central Asia,1.624,0.591,0.354,0.118,2016,Lower middle income
Netherlands,7.267114130773542,13461.80331285109,83.27009449388738,Europe & Central Asia,1.522,0.557,0.322,0.298,2016,Lower middle income
Switzerland,7.8102595991573445,14420.799898609575,82.89491231034252,Europe & Central Asia,1.526,0.572,0.263,0.343,2016,Lower middle income
Sweden,7.379369987217441,14158.051056995035,82.98258547428507,Europe & Central Asia,1.487,0.574,0.267,0.373,2016,Lower middle income
New Zealand,7.5176927228405575,12485.140510040746,82.99829318728706,East Asia & Pacific,1.557,0.585,0.33,0.38,2016,Lower middle income
Canada,7.55823258327142,14151.482835407951,79.20181239413837,North America,1.505,0.584,0.285,0.308,2016,Lower middle income
Austria,7.2748471452192875,14331.405930782488,82.28017837733294,Europe & Central Asia,1.475,0.532,0.244,0.226,2016,Lower middle income
Australia,7.063560922192759,13960.193671247489,79.06590107112737,East Asia & Pacific,1.548,0.557,0.332,0.29,2016,Lower middle income
Costa Rica,7.052002953238007,10503.003247478233,80.87728428176723,Latin America & Caribbean,1.441,0.558,0.144,0.093,2016,Lower middle income
Israel,6.814956755672889,12541.19670981642,77.91654470636902,Middle East & North Africa,1.455,0.371,0.261,0.082,2016,Lower middle income
Luxembourg,7.2194453280835305,15766.414911888056,79.30885617706687,Europe & Central Asia,1.479,0.526,0.194,0.316,2016,Upper middle income
United Kingdom,7.388196359253514,13937.140170966612,82.07589070645355,Europe & Central Asia,1.538,0.45,0.348,0.278,2016,Lower middle income
Ireland,7.358232567541396,15697.771475024676,76.48643066585336,Europe & Central Asia,1.553,0.516,0.298,0.31,2016,Lower middle income
Germany,6.739433814494528,13853.793506230966,80.48467176521135,Europe & Central Asia,1.454,0.495,0.261,0.265,2016,Lower middle income
Belgium,6.677420519152307,13870.91060370984,76.60235265898531,Europe & Central Asia,1.504,0.473,0.16,0.21,2016,Lower middle income
United States,7.233732658228484,15037.819752816229,81.03548093930195,North America,1.457,0.454,0.28,0.128,2016,Lower middle income
Czech Republic,7.17003036662465,12620.675573244664,80.8270789144669,Eastern Europe,1.487,0.457,0.046,0.036,2016,Lower middle income
United Arab Emirates,6.994338546982903,15476.963253074215,76.10086152238517,Middle East & North Africa,1.31,0.598,0.262,0.182,2016,Upper middle income
Malta,6.593569204800391,12893.44076977289,79.85848830884925,Middle East & North Africa,1.52,0.564,0.375,0.151,2016,Lower middle income
Mexico,6.47974203557613,11190.65676191883,78.10760337849986,Latin America & Caribbean,1.323,0.433,0.074,0.073,2016,Lower middle income
France,6.668972396656128,13455.523973800318,81.51909618063576,Europe & Central Asia,1.472,0.436,0.111,0.183,2016,Lower middle income
Taiwan,6.496021030246599,13226.937503071278,76.287141723662,East Asia,1.43,0.351,0.242,0.097,2016,Lower middle income
Chile,6.608616523443875,11448.484654504087,77.96483918868712,Latin America & Caribbean,1.369,0.357,0.187,0.056,2016,Lower middle income
Guatemala,6.458253597196457,7827.035662017783,72.55569368444644,Latin America & Caribbean,1.269,0.535,0.175,0.078,2016,Lower middle income
Saudi Arabia,6.574062504768933,14556.918611700241,73.26511715912794,Middle East & North Africa,1.357,0.439,0.08,0.132,2016,Lower middle income
Qatar,6.399197881535549,16918.975252504017,81.81552170980626,Middle East & North Africa,1.313,0.555,0.22,0.167,2016,Upper middle income
Spain,6.1418198825712755,13228.736776734486,82.67896172858617,Europe & Central Asia,1.484,0.362,0.153,0.079,2016,Lower middle income
Panama,6.13951988053587,11640.359594774647,82.50654532807563,Latin America & Caribbean,1.442,0.516,0.109,0.054,2016,Lower middle income
Brazil,6.05651050130241,9635.89946989058,74.91528308268552,Latin America & Caribbean,1.439,0.39,0.099,0.086,2016,Lower middle income
Uruguay,6.083353880647257,11086.991663505312,80.23775379744147,Latin America & Caribbean,1.465,0.523,0.127,0.15,2016,Lower middle income
Singapore,6.498365406636855,15257.189854224089,78.46233602693961,East Asia & Pacific,1.463,0.556,0.271,0.453,2016,Upper middle income
El Salvador,5.955477872919505,7895.606517209879,77.1376238339774,Latin America & Caribbean,1.242,0.43,0.093,0.074,2016,Lower middle income
Italy,5.9804777505722475,13173.380516802905,78.12673810351691,Europe & Central Asia,1.488,0.231,0.158,0.03,2016,Lower middle income
Bahrain,6.16356444378226,13560.960683495532,77.15796979369053,Middle East & North Africa,1.368,0.536,0.255,0.11,2016,Lower middle income
Slovakia,5.89778377189683,12681.100483556509,79.11598908186544,Eastern Europe,1.504,0.334,0.121,0.014,2016,Lower middle income
Trinidad & Tobago,5.884700337628702,12755.716226499779,75.63803987291726,Other,1.477,0.489,0.185,0.016,2016,Lower middle income
Poland,5.881105111534929,12109.583586843266,76.77823424585617,Europe & Central Asia,1.438,0.483,0.117,0.05,2016,Lower middle income
Uzbekistan,5.8880020405269935,7577.075794936796,78.9799060828721,Europe & Central Asia,1.529,0.631,0.322,0.24,2016,Lower middle income
Lithuania,6.132629452849137,11941.254568498838,78.0863124787154,Europe & Central Asia,1.515,0.291,0.043,0.042,2016,Lower middle income
Colombia,6.320101063866188,9710.553372737288,77.23876497010825,Latin America & Caribbean,1.41,0.47,0.099,0.034,2016,Lower middle income
Slovenia,6.416312694857757,13205.788118690392,81.48692026602411,Europe & Central Asia,1.523,0.564,0.144,0.057,2016,Lower middle income
Nicaragua,6.095611762742634,6996.49934371203,75.76012857582978,Latin America & Caribbean,1.325,0.435,0.2,0.127,2016,Lower middle income
Kosovo,6.268728302718527,8982.987844366064,79.11739840870864,Other,1.232,0.489,0.262,0.006,2016,Lower middle income
Argentina,6.234366337732467,11295.587475518549,80.17617222736536,Latin America & Caribbean,1.432,0.471,0.066,0.05,2016,Lower middle income
Romania,5.9933719300793395,11729.694647291331,79.36065771074972,Europe & Central Asia,1.232,0.462,0.083,0.005,2016,Lower middle income
Cyprus,6.10954124084379,12163.956686674524,84.655671094351,Europe & Central Asia,1.223,0.406,0.19,0.041,2016,Lower middle income
Ecuador,5.99934544757954,9329.777322353808,75.82954810034103,Latin America & Caribbean,1.312,0.498,0.126,0.087,2016,Lower middle income
Kuwait,6.126384674354508,15294.600467344415,77.43650417283645,Middle East & North Africa,1.319,0.493,0.142,0.097,2016,Upper middle income
Thailand,5.734502793724248,10666.801293571087,74.57340724361939,East Asia & Pacific,1.409,0.557,0.359,0.028,2016,Lower middle income
Latvia,5.714860309029109,11306.35542603288,74.31218604367761,Europe & Central Asia,1.465,0.264,0.075,0.064,2016,Lower middle income
South Korea,6.041481503462671,12941.300373004236,76.95608805778235,East Asia,1.219,0.159,0.175,0.056,2016,Lower middle income
Estonia,5.8784841755012,12005.179780971694,77.22714389460815,Europe & Central Asia,1.528,0.495,0.103,0.161,2016,Lower middle income
Jamaica,5.904060619888598,8336.42046602459,76.46317323235156,Latin America & Caribbean,1.478,0.49,0.107,0.028,2016,Lower middle income
Mauritius,6.033647593569332,11645.630148191543,77.04184281459715,Sub-Saharan Africa,1.402,0.498,0.215,0.06,2016,Lower middle income
Japan,5.86133923155281,13736.312153559104,81.32654292427382,East Asia & Pacific,1.419,0.445,0.069,0.14,2016,Lower middle income
Honduras,5.666801953008816,6396.7525177650305,74.00981287857329,Latin America & Caribbean,1.236,0.507,0.246,0.078,2016,Lower middle income
Kazakhstan,5.731166977256593,11394.803990856375,75.73663940724401,Europe & Central Asia,1.508,0.41,0.146,0.096,2016,Lower middle income
Bolivia,5.562159084043006,8115.579949423634,74.31943321382668,Latin America & Caribbean,1.209,0.511,0.137,0.064,2016,Lower middle income
Hungary,5.482209230496962,11753.396564676192,79.22743401260357,Europe & Central Asia,1.41,0.199,0.081,0.02,2016,Lower middle income
Paraguay,5.917405093481981,8667.004468837922,79.20342467304212,Latin America & Caribbean,1.475,0.514,0.184,0.08,2016,Lower middle income
Northern Cyprus,5.5939827690503625,12099.746126559208,82.38111510925668,Other,1.252,0.417,0.191,0.162,2016,Lower middle income
Peru,5.798485809315771,9272.868307990708,76.33486225525122,Latin America & Caribbean,1.274,0.455,0.083,0.027,2016,Lower middle income
Portugal,5.675685433008482,12333.045886955955,79.56074573067147,Europe & Central Asia,1.431,0.508,0.047,0.025,2016,Lower middle income
Pakistan,5.704702734010024,6854.286589570679,76.42112033745363,South Asia,0.886,0.313,0.22,0.098,2016,Lower middle income
Russia,5.524257754392656,11658.268649508695,75.34810725524589,Other,1.452,0.334,0.082,0.031,2016,Lower middle income
Philippines,5.621051702048637,7750.048228264623,74.0113211881218,East Asia & Pacific,1.293,0.558,0.117,0.107,2016,Lower middle income
Serbia,5.719241355762565,10197.275821329882,78.11994018631721,Europe & Central Asia,1.383,0.282,0.137,0.039,2016,Lower middle income
Moldova,5.551223165796995,6933.267552222047,72.91975213807416,Europe & Central Asia,1.328,0.245,0.181,0.0,2016,Lower middle income
Libya,5.505432278080089,10886.829293106044,71.98043676120648,Middle East & North Africa,1.303,0.416,0.133,0.152,2016,Lower middle income
Montenegro,5.710365386388797,10622.362779869967,77.96802952487688,Europe & Central Asia,1.361,0.197,0.142,0.08,2016,Lower middle income
Tajikistan,5.529718023761373,5015.106568786557,73.43668748257501,Europe & Central Asia,1.098,0.389,0.23,0.144,2016,Low income
Croatia,5.372810484021134,11346.947641237291,78.67631946247346,Europe & Central Asia,1.266,0.296,0.119,0.022,2016,Lower middle income
Hong Kong,5.658336433480765,14852.611525630571,77.98235137230127,East Asia,1.277,0.44,0.258,0.287,2016,Lower middle income
Dominican Republic,5.454911138522466,9921.909322201442,77.17346550613371,Latin America & Caribbean,1.401,0.497,0.113,0.101,2016,Lower middle income
Bosnia and Herzegovina,5.147710670030838,9141.22154558146,77.1203349039395,Europe & Central Asia,1.212,0.212,0.263,0.006,2016,Lower middle income
Turkey,5.52718803332794,11714.43184806668,73.42364361971264,Other,1.36,0.195,0.083,0.106,2016,Lower middle income
Malaysia,5.511562768886728,12633.568211707929,75.03232328063538,East Asia & Pacific,1.171,0.508,0.26,0.024,2016,Lower middle income
Belarus,5.579380936867703,10209.273045133205,78.49009154853178,Europe & Central Asia,1.465,0.235,0.094,0.142,2016,Lower middle income
Greece,5.413919249885599,12389.84567287605,80.23661570126745,Europe & Central Asia,1.156,0.067,0.0,0.034,2016,Lower middle income
Mongolia,5.310802150370807,9622.84462587741,76.73567613929808,East Asia & Pacific,1.531,0.317,0.235,0.038,2016,Lower middle income
North Macedonia,5.5149744316212885,10185.064439053629,77.96296557247597,Europe & Central Asia,1.294,0.345,0.185,0.034,2016,Lower middle income
Nigeria,5.231123348448197,7087.228932618977,68.05549284216994,Sub-Saharan Africa,1.111,0.426,0.215,0.041,2016,Lower middle income
Kyrgyzstan,5.229110925996402,5409.403504559372,72.21795614143309,Other,1.438,0.508,0.3,0.023,2016,Lower middle income
Turkmenistan,5.37650448985623,10222.812423356632,75.76866919583657,Europe & Central Asia,1.538,0.394,0.244,0.028,2016,Lower middle income
Algeria,5.15080920839414,10152.814341082885,74.83697042156138,Middle East & North Africa,1.16,0.086,0.073,0.114,2016,Lower middle income
Morocco,5.122956268478117,7837.777376777557,76.16321673262019,Middle East & North Africa,0.782,0.418,0.036,0.076,2016,Lower middle income
Azerbaijan,5.23537458736819,10739.317877441188,76.51024481600786,Europe & Central Asia,1.147,0.351,0.035,0.182,2016,Lower middle income
Lebanon,5.207688404017439,9530.252109087482,73.61710689823602,Middle East & North Africa,1.224,0.216,0.166,0.027,2016,Lower middle income
Indonesia,5.270931607710369,9514.007559019517,75.96168900687198,East Asia & Pacific,1.203,0.491,0.498,0.028,2016,Lower middle income
China,5.283234919225782,9960.945704874608,76.01845883173911,East Asia & Pacific,1.125,0.521,0.058,0.1,2016,Lower middle income
Vietnam,4.961097150050888,7232.725304471735,81.27392673279813,East Asia & Pacific,1.346,0.543,0.147,0.073,2016,Lower middle income
Bhutan,5.291431500762463,7864.737142343652,72.1594434795868,South Asia,1.321,0.457,0.37,0.167,2016,Lower middle income
Cameroon,4.9355586073705275,5431.707269891488,68.90894695869763,Sub-Saharan Africa,0.91,0.381,0.187,0.037,2016,Lower middle income
Bulgaria,5.029419066841798,10396.615322574313,78.01734376594966,Europe & Central Asia,1.513,0.311,0.081,0.004,2016,Lower middle income
Ghana,5.16393444907314,6236.296395863922,74.997324153355,Sub-Saharan Africa,0.868,0.381,0.245,0.04,2016,Lower middle income
Ivory Coast,4.728930844544109,5406.75911253657,67.79080650316892,Other,0.808,0.352,0.154,0.09,2016,Lower middle income
Nepal,4.725349306693799,4465.408420307499,77.10009904843382,South Asia,1.226,0.439,0.285,0.089,2016,Low income
Jordan,4.768269010792853,8250.357655015778,74.84903592948464,Middle East & North Africa,1.225,0.383,0.11,0.13,2016,Lower middle income
Benin,5.04545656924935,3794.5363300233635,71.75405720789603,Sub-Saharan Africa,0.437,0.349,0.175,0.082,2016,Low income
Congo (Brazzaville),4.664999834988744,6922.66120843924,73.84052844165907,Other,0.799,0.372,0.105,0.093,2016,Lower middle income
Gabon,4.654456685682833,10134.377649303387,72.6645234997152,Sub-Saharan Africa,1.183,0.295,0.043,0.055,2016,Lower middle income
Laos,4.964834214082953,7326.717723361609,73.12568896862123,Other,1.03,0.547,0.266,0.164,2016,Lower middle income
South Africa,4.661235310981151,9917.943794693672,71.75462957030922,Sub-Saharan Africa,1.351,0.389,0.13,0.055,2016,Lower middle income
Albania,4.949036458362967,9113.636011466331,76.91637268060454,Europe & Central Asia,0.848,0.383,0.178,0.027,2016,Lower middle income
Venezuela,4.770825481101288,9878.63110701679,79.9472322577382,Other,1.427,0.154,0.064,0.047,2016,Lower middle income
Cambodia,4.545071843407253,5837.804734303826,75.012739096057,East Asia & Pacific,1.122,0.609,0.232,0.062,2016,Lower middle income
Palestinian Territories,4.48707748159239,6249.792236507611,77.09864790453064,Other,1.247,0.225,0.103,0.066,2016,Lower middle income
Senegal,4.778164931655088,4709.726829096405,73.7942259877681,Sub-Saharan Africa,1.134,0.292,0.153,0.072,2016,Low income
Somalia,4.495488456599678,0.0,69.67199588631452,Sub-Saharan Africa,0.698,0.559,0.243,0.27,2016,Low income
Namibia,4.765055252833123,8923.03985229765,71.61272246687813,Sub-Saharan Africa,1.313,0.401,0.07,0.056,2016,Lower middle income
Niger,4.505970094235715,1351.7293030934886,72.93972614327812,Sub-Saharan Africa,0.774,0.318,0.188,0.102,2016,Low income
Burkina Faso,4.399847493013913,3453.708231598891,68.65943417641938,Sub-Saharan Africa,1.056,0.255,0.177,0.113,2016,Low income
Armenia,4.629652319993623,8265.949433309208,76.65979948049798,Europe & Central Asia,1.055,0.283,0.095,0.064,2016,Lower middle income
Iran,4.490481184405033,11205.600743654975,74.20229091447466,Other,0.842,0.305,0.27,0.125,2016,Lower middle income
Guinea,4.710477786532058,3733.735492577603,69.06262186897216,Sub-Saharan Africa,0.829,0.332,0.207,0.086,2016,Low income
Georgia,4.537884912562935,9006.285754852068,79.87076871800743,Europe & Central Asia,0.666,0.346,0.043,0.164,2016,Lower middle income
Gambia,4.558700944130301,3116.1367193073297,70.88648106896945,Other,0.939,0.382,0.269,0.167,2016,Low income
Kenya,4.613761292051908,4922.480397453702,76.16406238132659,Sub-Saharan Africa,0.983,0.431,0.372,0.053,2016,Lower middle income
Mauritania,4.292475361579226,5424.928525725853,73.72211800519231,Sub-Saharan Africa,1.167,0.066,0.106,0.088,2016,Lower middle income
Mozambique,4.6200765572565325,1972.962984675085,68.20606945966634,Sub-Saharan Africa,0.986,0.494,0.197,0.138,2016,Low income
Tunisia,4.636659151099193,9122.334798112397,80.15130072441755,Middle East & North Africa,1.0,0.167,0.059,0.055,2016,Lower middle income
Bangladesh,4.432552766658764,5856.242677261582,76.63243026470101,South Asia,0.928,0.527,0.166,0.143,2016,Lower middle income
Iraq,4.529583109317913,10582.976978739809,72.42077549013055,Middle East & North Africa,0.98,0.241,0.148,0.089,2016,Lower middle income
Congo (Kinshasa),4.421737960039896,976.428085721472,71.14773673945378,Other,1.125,0.269,0.212,0.053,2016,Low income
Mali,4.30416489762619,3921.58706142422,73.0536948103709,Sub-Saharan Africa,1.105,0.327,0.153,0.052,2016,Low income
Sierra Leone,4.20714634524514,2734.017937124902,71.93788520596351,Sub-Saharan Africa,0.841,0.309,0.252,0.045,2016,Low income
Sri Lanka,4.539418027510617,9227.524921420663,77.83747167880396,South Asia,1.265,0.47,0.244,0.047,2016,Lower middle income
Myanmar,4.258846266662419,7246.725710229283,75.56794544012662,East Asia & Pacific,1.181,0.525,0.566,0.172,2016,Lower middle income
Chad,4.482517026221575,3483.782067889791,69.1378847730181,Sub-Saharan Africa,0.766,0.174,0.198,0.078,2016,Low income
Ukraine,4.431250674099888,7813.574017345168,79.18407364135987,Europe & Central Asia,1.39,0.178,0.187,0.01,2016,Lower middle income
Ethiopia,4.293481190847757,3323.568965833736,76.50235650101773,Sub-Saharan Africa,1.033,0.344,0.209,0.1,2016,Low income
Swaziland,4.0988755634442695,8215.302721831358,63.37111156055702,Other,1.149,0.313,0.074,0.135,2016,Lower middle income
Uganda,4.339852758635667,3157.4505450378165,73.52108536786555,Sub-Saharan Africa,1.069,0.356,0.252,0.06,2016,Low income
Egypt,4.03232597592335,9444.993545799616,74.48978318849792,Other,1.039,0.241,0.076,0.067,2016,Lower middle income
Zambia,3.913353733130569,5680.680576147646,73.46555106242468,Sub-Saharan Africa,1.058,0.431,0.247,0.087,2016,Lower middle income
Togo,3.99632943119613,2814.0391562742393,73.06582571957303,Sub-Saharan Africa,0.572,0.293,0.177,0.085,2016,Low income
India,3.8540742861546686,7728.122722257703,73.06383413781607,South Asia,0.765,0.498,0.2,0.085,2016,Lower middle income
Liberia,3.8328770190720363,733.939822384577,71.61137612070046,Sub-Saharan Africa,0.922,0.37,0.233,0.033,2016,Low income
Comoros,3.7887955562001103,2854.063551469234,69.86429147084296,Sub-Saharan Africa,0.757,0.142,0.275,0.078,2016,Low income
Madagascar,3.8623289792487703,2870.461032681149,73.65289716077906,Sub-Saharan Africa,0.916,0.148,0.169,0.041,2016,Low income
Lesotho,3.7263052678149955,4781.134638980636,64.43379126779453,Sub-Saharan Africa,1.169,0.359,0.107,0.093,2016,Low income
Burundi,3.9065752066189776,471.52231324403704,69.7732688337899,Sub-Saharan Africa,0.447,0.22,0.176,0.18,2016,Low income
Zimbabwe,3.822965054608377,3696.0655129669767,71.4409704752574,Sub-Saharan Africa,1.114,0.361,0.151,0.089,2016,Low income
Haiti,3.5950622138029398,3383.746760292311,75.2539842201473,Latin America & Caribbean,0.688,0.026,0.419,0.11,2016,Low income
Botswana,3.6009297155984012,10454.141856450045,76.33209429842735,Sub-Saharan Africa,1.145,0.455,0.025,0.1,2016,Lower middle income
Syria,3.314198277268975,5943.708843907965,71.90570287629662,Other,0.378,0.013,0.331,0.141,2016,Lower middle income
Malawi,3.392910284137339,1987.4110256707354,75.8094947888051,Sub-Saharan Africa,0.56,0.443,0.218,0.089,2016,Low income
Yemen,3.350685962854043,2888.8068826259846,75.42804560228988,Other,1.163,0.143,0.108,0.077,2016,Low income
Rwanda,3.464345802512612,3607.450134084363,70.53159426085028,Sub-Saharan Africa,0.711,0.555,0.217,0.411,2016,Low income
Tanzania,3.29104448346626,4915.487439714907,71.02901965845939,Sub-Saharan Africa,0.885,0.417,0.276,0.147,2016,Low income
Afghanistan,3.248174917355952,3432.0418151279814,68.57785674196082,South Asia,0.517,0.0,0.158,0.025,2016,Low income
Central African Republic,3.051782416661891,250.60812604185355,66.92685581622553,Sub-Saharan Africa,0.0,0.225,0.235,0.035,2016,Low income
South Sudan,2.7349226923116663,2931.0754962535793,71.103953450097,Sub-Saharan Africa,0.575,0.01,0.202,0.091,2016,Low income
Finland,7.386728306272237,13941.045593896828,80.3048903160989,Europe & Central Asia,1.587,0.596,0.153,0.393,2017,Lower middle income
Denmark,7.321550096987179,13568.063314161598,79.65350377264352,Europe & Central Asia,1.573,0.592,0.252,0.41,2017,Lower middle income
Norway,7.874518025998448,14461.163866014786,83.17267783998446,Europe & Central Asia,1.582,0.603,0.271,0.341,2017,Lower middle income
Iceland,7.744702723671681,14031.408879524417,82.57911515127074,Europe & Central Asia,1.624,0.591,0.354,0.118,2017,Lower middle income
Netherlands,7.175469906145781,13673.69895366845,79.38446746972073,Europe & Central Asia,1.522,0.557,0.322,0.298,2017,Lower middle income
Switzerland,7.171724337216755,14111.542868233066,78.78935101171392,Europe & Central Asia,1.526,0.572,0.263,0.343,2017,Lower middle income
Sweden,7.5428078210907525,14430.122521380652,80.51503726320118,Europe & Central Asia,1.487,0.574,0.267,0.373,2017,Lower middle income
New Zealand,6.98273641183524,12764.79811567785,76.64520464803299,East Asia & Pacific,1.557,0.585,0.33,0.38,2017,Lower middle income
Canada,7.48791051783471,14294.365482143607,81.57263258220084,North America,1.505,0.584,0.285,0.308,2017,Lower middle income
Austria,7.458509749077141,13317.384603867002,83.55964494393186,Europe & Central Asia,1.475,0.532,0.244,0.226,2017,Lower middle income
Australia,7.429956740663462,13418.745679778986,84.45248022338438,East Asia & Pacific,1.548,0.557,0.332,0.29,2017,Lower middle income
Costa Rica,7.032810817150887,10123.595343811392,76.44562936922867,Latin America & Caribbean,1.441,0.558,0.144,0.093,2017,Lower middle income
Israel,7.119308601558316,12929.23512412671,81.77945330080662,Middle East & North Africa,1.455,0.371,0.261,0.082,2017,Lower middle income
Luxembourg,7.1673408465567405,16855.95515420013,77.28525512801802,Europe & Central Asia,1.479,0.526,0.194,0.316,2017,Upper middle income
United Kingdom,7.309515287105177,12895.905561433106,78.89207487880567,Europe & Central Asia,1.538,0.45,0.348,0.278,2017,Lower middle income
Ireland,6.698089201217238,15118.163420591998,77.3977402768739,Europe & Central Asia,1.553,0.516,0.298,0.31,2017,Lower middle income
Germany,7.273212845947178,13469.883837130481,77.69755519586492,Europe & Central Asia,1.454,0.495,0.261,0.265,2017,Lower middle income
Belgium,7.119502794673238,14180.456074899563,77.66014988857428,Europe & Central Asia,1.504,0.473,0.16,0.21,2017,Lower middle income
United States,6.918180210892865,14246.441933712373,80.980322544392,North America,1.457,0.454,0.28,0.128,2017,Lower middle income
Czech Republic,7.192517295457971,12881.019183747807,81.31882203379159,Eastern Europe,1.487,0.457,0.046,0.036,2017,Lower middle income
United Arab Emirates,7.13608962060433,14652.730466304862,80.95385122406373,Middle East & North Africa,1.31,0.598,0.262,0.182,2017,Upper middle income
Malta,6.767157667858557,13632.254133473798,80.44086982488912,Middle East & North Africa,1.52,0.564,0.375,0.151,2017,Lower middle income
Mexico,6.88148100935762,10175.244585865514,78.99794381087133,Latin America & Caribbean,1.323,0.433,0.074,0.073,2017,Lower middle income
France,6.263075137333584,13463.512137624444,81.37916830633074,Europe & Central Asia,1.472,0.436,0.111,0.183,2017,Lower middle income
Taiwan,6.162214944154874,13553.809176458668,75.38855004192213,East Asia,1.43,0.351,0.242,0.097,2017,Lower middle income
Chile,6.238977865875232,11704.948715508643,79.90368313308336,Latin America & Caribbean,1.369,0.357,0.187,0.056,2017,Lower middle income
Guatemala,6.158840077689922,7612.775772055685,74.04258024329977,Latin America & Caribbean,1.269,0.535,0.175,0.078,2017,Lower middle income
Saudi Arabia,6.264126816506694,14680.541164396098,75.26924232805872,Middle East & North Africa,1.357,0.439,0.08,0.132,2017,Lower middle income
Qatar,6.49853761733251,17323.642320033967,81.48530491134748,Middle East & North Africa,1.313,0.555,0.22,0.167,2017,Upper middle income
Spain,6.372335567037086,12613.696923283978,78.20647454793476,Europe & Central Asia,1.484,0.362,0.153,0.079,2017,Lower middle income
Panama,6.255150957705275,11335.86649487251,79.33298759914399,Latin America & Caribbean,1.442,0.516,0.109,0.054,2017,Lower middle income
Brazil,6.428552658502096,10147.479275619895,73.76379504507457,Latin America & Caribbean,1.439,0.39,0.099,0.086,2017,Lower middle income
Uruguay,6.180818035723229,11397.209215024966,81.56804283827469,Latin America & Caribbean,1.465,0.523,0.127,0.15,2017,Lower middle income
Singapore,6.415932452802233,15888.404928590846,78.65516344357438,East Asia & Pacific,1.463,0.556,0.271,0.453,2017,Upper middle income
El Salvador,6.052514803744313,7778.800880290821,73.93858330249233,Latin America & Caribbean,1.242,0.43,0.093,0.074,2017,Lower middle income
Italy,6.028484578270186,13304.138047426073,76.56523035492847,Europe & Central Asia,1.488,0.231,0.158,0.03,2017,Lower middle income
Bahrain,6.388983246565126,13167.870169982496,75.77193227579212,Middle East & North Africa,1.368,0.536,0.255,0.11,2017,Lower middle income
Slovakia,6.328762435728962,12289.722751407184,78.39744671505485,Eastern Europe,1.504,0.334,0.121,0.014,2017,Lower middle income
Trinidad & Tobago,6.154451275182239,12776.067509273913,76.07252989102207,Other,1.477,0.489,0.185,0.016,2017,Lower middle income
Poland,6.035752425400912,11997.08550743084,79.8333528779406,Europe & Central Asia,1.438,0.483,0.117,0.05,2017,Lower middle income
Uzbekistan,6.320241487698352,7130.9616014593075,79.90592820347989,Europe & Central Asia,1.529,0.631,0.322,0.24,2017,Lower middle income
Lithuania,6.366524544990648,12033.357993552343,74.66142901780192,Europe & Central Asia,1.515,0.291,0.043,0.042,2017,Lower middle income
Colombia,6.284952561552525,9680.308657226606,75.9451778783951,Latin America & Caribbean,1.41,0.47,0.099,0.034,2017,Lower middle income
Slovenia,6.112354230370087,12731.717407096792,81.7894780850079,Europe & Central Asia,1.523,0.564,0.144,0.057,2017,Lower middle income
Nicaragua,5.804034833526511,6749.642789359064,79.93451959613849,Latin America & Caribbean,1.325,0.435,0.2,0.127,2017,Lower middle income
Kosovo,6.144132905951374,8596.468618126539,75.31035054844696,Other,1.232,0.489,0.262,0.006,2017,Lower middle income
Argentina,6.161955039752896,10715.03580662613,81.6589482751301,Latin America & Caribbean,1.432,0.471,0.066,0.05,2017,Lower middle income
Romania,5.843332011294505,11965.174578422475,76.64816351166114,Europe & Central Asia,1.232,0.462,0.083,0.005,2017,Lower middle income
Cyprus,5.883610829762584,12633.334905343272,80.49244679298678,Europe & Central Asia,1.223,0.406,0.19,0.041,2017,Lower middle income
Ecuador,5.734874509861039,9245.087695495755,75.67741083295114,Latin America & Caribbean,1.312,0.498,0.126,0.087,2017,Lower middle income
Kuwait,6.090994219322797,14844.873921379463,75.21575527798632,Middle East & North Africa,1.319,0.493,0.142,0.097,2017,Upper middle income
Thailand,6.2144158233373235,10242.944192396399,74.3354345194349,East Asia & Pacific,1.409,0.557,0.359,0.028,2017,Lower middle income
Latvia,6.088047952849447,11801.818319252527,79.20703857443725,Europe & Central Asia,1.465,0.264,0.075,0.064,2017,Lower middle income
South Korea,5.700366060714369,13210.601108421364,79.1903334156562,East Asia,1.219,0.159,0.175,0.056,2017,Lower middle income
Estonia,5.673081242630442,12522.531461117695,76.31677813889145,Europe & Central Asia,1.528,0.495,0.103,0.161,2017,Lower middle income
Jamaica,5.833943904472522,7907.6330577400895,73.93752043096032,Latin America & Caribbean,1.478,0.49,0.107,0.028,2017,Lower middle income
Mauritius,5.974841389776019,11669.397591565483,79.22114429567652,Sub-Saharan Africa,1.402,0.498,0.215,0.06,2017,Lower middle income
Japan,6.112817782393292,13263.64351396722,77.95050928093549,East Asia & Pacific,1.419,0.445,0.069,0.14,2017,Lower middle income
Honduras,5.876203774272685,6357.031606389815,79.38508201630664,Latin America & Caribbean,1.236,0.507,0.246,0.078,2017,Lower middle income
Kazakhstan,5.803910031471876,11303.898537361927,73.77844821095425,Europe & Central Asia,1.508,0.41,0.146,0.096,2017,Lower middle income
Bolivia,5.783675428585318,7817.7480782533985,72.2777164864659,Latin America & Caribbean,1.209,0.511,0.137,0.064,2017,Lower middle income
Hungary,5.983986745551857,12065.572027380702,80.42939311190953,Europe & Central Asia,1.41,0.199,0.081,0.02,2017,Lower middle income
Paraguay,5.542023377408708,8178.889944572723,80.38663206710471,Latin America & Caribbean,1.475,0.514,0.184,0.08,2017,Lower middle income
Northern Cyprus,5.573700309985204,12144.460540203396,82.2027839578661,Other,1.252,0.417,0.191,0.162,2017,Lower middle income
Peru,5.443586286028532,9759.127627123435,74.93950367397844,Latin America & Caribbean,1.274,0.455,0.083,0.027,2017,Lower middle income
Portugal,5.662652527711097,12349.761060203411,76.47738818937665,Europe & Central Asia,1.431,0.508,0.047,0.025,2017,Lower middle income
Pakistan,5.608680327098143,6881.134646484122,75.49169040885555,South Asia,0.886,0.313,0.22,0.098,2017,Lower middle income
Russia,5.8711762789554935,11419.011787491852,75.62616621016183,Other,1.452,0.334,0.082,0.031,2017,Lower middle income
Philippines,5.743160522444484,8429.175030622673,77.1569574057625,East Asia & Pacific,1.293,0.558,0.117,0.107,2017,Lower middle income
Serbia,5.414665748505613,9608.361047725366,78.42095152409608,Europe & Central Asia,1.383,0.282,0.137,0.039,2017,Lower middle income
Moldova,5.7206334730448125,6685.113494911586,72.81634738021681,Europe & Central Asia,1.328,0.245,0.181,0.0,2017,Lower middle income
Libya,5.529258319602489,10450.783075848418,77.03407573127043,Middle East & North Africa,1.303,0.416,0.133,0.152,2017,Lower middle income
Montenegro,5.535854896412724,10675.988867273845,76.80068060329994,Europe & Central Asia,1.361,0.197,0.142,0.08,2017,Lower middle income
Tajikistan,5.587974738529899,4881.739402131032,77.1208467064018,Europe & Central Asia,1.098,0.389,0.23,0.144,2017,Low income
Croatia,5.5410610319286855,11043.257816691506,77.83323510620596,Europe & Central Asia,1.266,0.296,0.119,0.022,2017,Lower middle income
Hong Kong,5.672791649040743,13788.290817487488,83.81150688107205,East Asia,1.277,0.44,0.258,0.287,2017,Lower middle income
Dominican Republic,5.29821024422808,9773.624606800538,79.58027241556265,Latin America & Caribbean,1.401,0.497,0.113,0.101,2017,Lower middle income
Bosnia and Herzegovina,5.3536259478909365,9011.044544871364,75.62381617036024,Europe & Central Asia,1.212,0.212,0.263,0.006,2017,Lower middle income
Turkey,5.1321710977207555,11565.158668054608,74.61743637070228,Other,1.36,0.195,0.083,0.106,2017,Lower middle income
Malaysia,5.219462449583285,12531.908110771814,78.94891155551599,East Asia & Pacific,1.171,0.508,0.26,0.024,2017,Lower middle income
Belarus,5.126523156898324,10676.569356912509,75.43247870185583,Europe & Central Asia,1.465,0.235,0.094,0.142,2017,Lower middle income
Greece,5.120694185341002,12184.282921199094,80.07855147036959,Europe & Central Asia,1.156,0.067,0.0,0.034,2017,Lower middle income
Mongolia,5.278012173139663,9304.580159409725,76.01172048873048,East Asia & Pacific,1.531,0.317,0.235,0.038,2017,Lower middle income
North Macedonia,5.084729585057256,9877.731120881679,77.7260552954195,Europe & Central Asia,1.294,0.345,0.185,0.034,2017,Lower middle income
Nigeria,5.121328299389547,7213.088229965356,71.61867880640953,Sub-Saharan Africa,1.111,0.426,0.215,0.041,2017,Lower middle income
Kyrgyzstan,5.44981510031141,5467.836416146305,75.61783199875228,Other,1.438,0.508,0.3,0.023,2017,Lower middle income
Turkmenistan,5.089711175537789,10489.497186588296,73.01850044118846,Europe & Central Asia,1.538,0.394,0.244,0.028,2017,Lower middle income
Algeria,5.073673664502037,10008.28282503251,74.36537400262885,Middle East & North Africa,1.16,0.086,0.073,0.114,2017,Lower middle income
Morocco,5.043445478317751,8229.303759495668,76.91479540807207,Middle East & North Africa,0.782,0.418,0.036,0.076,2017,Lower middle income
Azerbaijan,5.070152970354939,10817.386785717232,78.41814573819367,Europe & Central Asia,1.147,0.351,0.035,0.182,2017,Lower middle income
Lebanon,5.103313145983465,10180.16289841591,79.8709590354807,Middle East & North Africa,1.224,0.216,0.166,0.027,2017,Lower middle income
Indonesia,5.038601342241488,9344.595669981023,74.59110859327927,East Asia & Pacific,1.203,0.491,0.498,0.028,2017,Lower middle income
China,5.065044047886826,10551.626966296506,78.11120173274716,East Asia & Pacific,1.125,0.521,0.058,0.1,2017,Lower middle income
Vietnam,5.023557502333615,7545.126271154921,79.9272915091011,East Asia & Pacific,1.346,0.543,0.147,0.073,2017,Lower middle income
Bhutan,5.127669337284533,7768.742603209342,71.27293526255238,South Asia,1.321,0.457,0.37,0.167,2017,Lower middle income
Cameroon,4.884987733434119,5566.054291606411,72.00600598604528,Sub-Saharan Africa,0.91,0.381,0.187,0.037,2017,Lower middle income
Bulgaria,4.930772760364463,10987.27897798097,77.19095460454083,Europe & Central Asia,1.513,0.311,0.081,0.004,2017,Lower middle income
Ghana,5.040391701910964,6340.693597220574,75.22208814246883,Sub-Saharan Africa,0.868,0.381,0.245,0.04,2017,Lower middle income
Ivory Coast,4.719203873237456,5535.811884561292,70.07887371391696,Other,0.808,0.352,0.154,0.09,2017,Lower middle income
Nepal,4.917229169279339,4391.709782080301,74.66033252889014,South Asia,1.226,0.439,0.285,0.089,2017,Low income
Jordan,4.803605933241804,8355.258090322624,80.00096751429186,Middle East & North Africa,1.225,0.383,0.11,0.13,2017,Lower middle income
Benin,4.673062316979695,4106.378262100882,71.55318366068074,Sub-Saharan Africa,0.437,0.349,0.175,0.082,2017,Low income
Congo (Brazzaville),4.852913795094103,6403.41741824203,70.52982514138863,Other,0.799,0.372,0.105,0.093,2017,Lower middle income
Gabon,4.7996630118676835,10895.88081591974,77.11655190326809,Sub-Saharan Africa,1.183,0.295,0.043,0.055,2017,Lower middle income
Laos,4.906618540684774,7783.951352645367,74.02400233661521,Other,1.03,0.547,0.266,0.164,2017,Lower middle income
South Africa,4.909634736907591,9848.146986399122,72.92870329042304,Sub-Saharan Africa,1.351,0.389,0.13,0.055,2017,Lower middle income
Albania,4.803340842474214,9182.213264369284,78.34163536990982,Europe & Central Asia,0.848,0.383,0.178,0.027,2017,Lower middle income
Venezuela,4.583549120113849,9912.63512917375,74.05274005459889,Other,1.427,0.154,0.064,0.047,2017,Lower middle income
Cambodia,4.55797466741055,5806.0495122824295,73.82924834915796,East Asia & Pacific,1.122,0.609,0.232,0.062,2017,Lower middle income
Palestinian Territories,4.689022703389302,6792.992487011466,77.41527735851405,Other,1.247,0.225,0.103,0.066,2017,Lower middle income
Senegal,4.451475027978023,4607.139654211494,72.32449409731123,Sub-Saharan Africa,1.134,0.292,0.153,0.072,2017,Low income
Somalia,4.4661623657065865,0.0,68.84443160386817,Sub-Saharan Africa,0.698,0.559,0.243,0.27,2017,Low income
Namibia,4.820607148903326,8935.796354657929,72.37510811638674,Sub-Saharan Africa,1.313,0.401,0.07,0.056,2017,Lower middle income
Niger,4.580111010979097,1393.690711032239,67.90495278265766,Sub-Saharan Africa,0.774,0.318,0.188,0.102,2017,Low income
Burkina Faso,4.456566368369238,3223.130838321278,73.06109084560936,Sub-Saharan Africa,1.056,0.255,0.177,0.113,2017,Low income
Armenia,4.715735089837812,8886.523843684274,77.63507759494551,Europe & Central Asia,1.055,0.283,0.095,0.064,2017,Lower middle income
Iran,4.557454159768138,11446.965130735629,76.542005627582,Other,0.842,0.305,0.27,0.125,2017,Lower middle income
Guinea,4.526175667394167,3829.3870648072625,71.85063288867035,Sub-Saharan Africa,0.829,0.332,0.207,0.086,2017,Low income
Georgia,4.600506719543485,9248.966858478181,77.40056419491071,Europe & Central Asia,0.666,0.346,0.043,0.164,2017,Lower middle income
Gambia,4.571618911830288,3166.6187708962343,71.19005437897846,Other,0.939,0.382,0.269,0.167,2017,Low income
Kenya,4.575473930384908,5333.147528851515,75.479840261739,Sub-Saharan Africa,0.983,0.431,0.372,0.053,2017,Lower middle income
Mauritania,4.529825960956238,5563.773714923903,75.12358651714361,Sub-Saharan Africa,1.167,0.066,0.106,0.088,2017,Lower middle income
Mozambique,4.486114436113531,2054.464068050398,68.18857621493419,Sub-Saharan Africa,0.986,0.494,0.197,0.138,2017,Low income
Tunisia,4.55243966946504,9062.151760774423,78.66938387447254,Middle East & North Africa,1.0,0.167,0.059,0.055,2017,Lower middle income
Bangladesh,4.545284261531636,5399.409368359823,72.12025519641742,South Asia,0.928,0.527,0.166,0.143,2017,Lower middle income
Iraq,4.25029567891144,9981.734204579912,72.10459877309039,Middle East & North Africa,0.98,0.241,0.148,0.089,2017,Lower middle income
Congo (Kinshasa),4.240573414728716,981.8227238927338,73.09486030275833,Other,1.125,0.269,0.212,0.053,2017,Low income
Mali,4.441983896701006,3964.2092509683093,67.48573352732855,Sub-Saharan Africa,1.105,0.327,0.153,0.052,2017,Low income
Sierra Leone,4.391022067134943,2723.0621328184848,70.77343023796023,Sub-Saharan Africa,0.841,0.309,0.252,0.045,2017,Low income
Sri Lanka,4.411868203157731,9353.88735685135,80.06970193968485,South Asia,1.265,0.47,0.244,0.047,2017,Lower middle income
Myanmar,4.4788223789261385,7396.514620795663,74.04966898428549,East Asia & Pacific,1.181,0.525,0.566,0.172,2017,Lower middle income
Chad,4.346614618870017,3382.174545497454,65.92231776505922,Sub-Saharan Africa,0.766,0.174,0.198,0.078,2017,Low income
Ukraine,4.226511081446287,7803.606634131429,73.92628360453078,Europe & Central Asia,1.39,0.178,0.187,0.01,2017,Lower middle income
Ethiopia,4.418869156494787,3352.0217589206054,73.46704954967254,Sub-Saharan Africa,1.033,0.344,0.209,0.1,2017,Low income
Swaziland,4.205223929822279,7729.821417987798,65.2973961903717,Other,1.149,0.313,0.074,0.135,2017,Lower middle income
Uganda,4.1390627993571725,3410.800387793385,74.04762994319168,Sub-Saharan Africa,1.069,0.356,0.252,0.06,2017,Low income
Egypt,4.053121387297089,9011.45283944534,72.22916674001061,Other,1.039,0.241,0.076,0.067,2017,Lower middle income
Zambia,4.0366308020323105,5675.742636729953,74.45598408909792,Sub-Saharan Africa,1.058,0.431,0.247,0.087,2017,Lower middle income
Togo,3.980992779089646,2749.964017410623,68.63619417192464,Sub-Saharan Africa,0.572,0.293,0.177,0.085,2017,Low income
India,3.8813147759009192,7689.2000476432195,74.01301059494513,South Asia,0.765,0.498,0.2,0.085,2017,Lower middle income
Liberia,3.8351011166160345,736.7900776543687,68.8872104299378,Sub-Saharan Africa,0.922,0.37,0.233,0.033,2017,Low income
Comoros,3.8220608884540863,2692.943657991301,71.20394262351792,Sub-Saharan Africa,0.757,0.142,0.275,0.078,2017,Low income
Madagascar,4.112468006286841,2613.896341023247,73.09003466820948,Sub-Saharan Africa,0.916,0.148,0.169,0.041,2017,Low income
Lesotho,3.895496363296809,4941.580151207884,65.56350350203192,Sub-Saharan Africa,1.169,0.359,0.107,0.093,2017,Low income
Burundi,3.7010898339331453,470.7488676327271,69.5989231403225,Sub-Saharan Africa,0.447,0.22,0.176,0.18,2017,Low income
Zimbabwe,3.5010545080974165,3802.5627113923506,73.1561420285091,Sub-Saharan Africa,1.114,0.361,0.151,0.089,2017,Low income
Haiti,3.6299894110763424,3103.251432414028,69.52932344560273,Latin America & Caribbean,0.688,0.026,0.419,0.11,2017,Low income
Botswana,3.613794742542372,9911.586079275296,74.59652002634571,Sub-Saharan Africa,1.145,0.455,0.025,0.1,2017,Lower middle income
Syria,3.596199942207369,5881.535436980339,74.54889245502932,Other,0.378,0.013,0.331,0.141,2017,Lower middle income
Malawi,3.511863945833901,1864.6862194588805,73.72034541463589,Sub-Saharan Africa,0.56,0.443,0.218,0.089,2017,Low income
Yemen,3.5361598414111044,2747.354712241311,71.53929076846921,Other,1.163,0.143,0.108,0.077,2017,Low income
Rwanda,3.4918148964105793,3630.323843915369,75.54839962832682,Sub-Saharan Africa,0.711,0.555,0.217,0.411,2017,Low income
Tanzania,3.098409195853991,4726.8019305590415,74.36865385835854,Sub-Saharan Africa,0.885,0.417,0.276,0.147,2017,Low income
Afghanistan,3.36085572155298,3614.7627982005392,71.12456944781064,South Asia,0.517,0.0,0.158,0.025,2017,Low income
Central African Republic,2.9669965610082745,251.23466098251723,64.66321466059968,Sub-Saharan Africa,0.0,0.225,0.235,0.035,2017,Low income
South Sudan,2.9278841902489683,3196.6013559760554,72.58536849129572,Sub-Saharan Africa,0.575,0.01,0.202,0.091,2017,Low income
Finland,7.707472392478859,13133.22022868485,80.84079387896803,Europe & Central Asia,1.587,0.596,0.153,0.393,2018,Lower middle income
Denmark,7.716542751399462,13666.323776727577,81.18014176335492,Europe & Central Asia,1.573,0.592,0.252,0.41,2018,Lower middle income
Norway,7.558972972930222,15054.968140637979,81.83145745726651,Europe & Central Asia,1.582,0.603,0.271,0.341,2018,Lower middle income
Iceland,7.547792288691306,13606.502201411853,80.52428799767166,Europe & Central Asia,1.624,0.591,0.354,0.118,2018,Lower middle income
Netherlands,7.521152258904136,13937.410530398625,79.66904864172159,Europe & Central Asia,1.522,0.557,0.322,0.298,2018,Lower middle income
Switzerland,7.367938071242412,14697.274503517905,80.7490989059088,Europe & Central Asia,1.526,0.572,0.263,0.343,2018,Lower middle income
Sweden,7.362185986810682,13843.068903018946,79.57264256984931,Europe & Central Asia,1.487,0.574,0.267,0.373,2018,Lower middle income
New Zealand,7.17962911310381,13165.117940798153,78.87357823854528,East Asia & Pacific,1.557,0.585,0.33,0.38,2018,Lower middle income
Canada,7.229217903447918,13456.831570608801,79.27760432395503,North America,1.505,0.584,0.285,0.308,2018,Lower middle income
Austria,7.314903929386922,13918.305214628474,81.56172214253577,Europe & Central Asia,1.475,0.532,0.244,0.226,2018,Lower middle income
Australia,7.290731235080803,13691.034577647348,81.26258353050716,East Asia & Pacific,1.548,0.557,0.332,0.29,2018,Lower middle income
Costa Rica,7.168305593507068,10473.99860085263,80.64177436933024,Latin America & Caribbean,1.441,0.558,0.144,0.093,2018,Lower middle income
Israel,7.181485883742431,12521.331207348705,79.83325461622795,Middle East & North Africa,1.455,0.371,0.261,0.082,2018,Lower middle income
Luxembourg,7.200308666660379,15979.578583333368,78.57653544033496,Europe & Central Asia,1.479,0.526,0.194,0.316,2018,Upper middle income
United Kingdom,6.945476876479629,13133.418521099764,79.44688469644913,Europe & Central Asia,1.538,0.45,0.348,0.278,2018,Lower middle income
Ireland,7.00314290181523,14923.072135301358,79.5847732087177,Europe & Central Asia,1.553,0.516,0.298,0.31,2018,Lower middle income
Germany,7.008895219583773,13512.593363637723,79.15717665908072,Europe & Central Asia,1.454,0.495,0.261,0.265,2018,Lower middle income
Belgium,6.815092983386985,13698.989820069664,80.64235010476726,Europe & Central Asia,1.504,0.473,0.16,0.21,2018,Lower middle income
United States,6.840650682973045,14386.302315237459,79.46980043309992,North America,1.457,0.454,0.28,0.128,2018,Lower middle income
Czech Republic,6.733656625214742,12669.717181307155,78.13307973471902,Eastern Europe,1.487,0.457,0.046,0.036,2018,Lower middle income
United Arab Emirates,6.8785356789755205,14771.855800319368,77.04190326376386,Middle East & North Africa,1.31,0.598,0.262,0.182,2018,Upper middle income
Malta,6.7774866262261995,12831.60741917978,80.64944853165782,Middle East & North Africa,1.52,0.564,0.375,0.151,2018,Lower middle income
Mexico,6.568683862693061,10590.430891226948,76.69025603662061,Latin America & Caribbean,1.323,0.433,0.074,0.073,2018,Lower middle income
France,6.486872489060491,13152.735060427964,80.09067851896489,Europe & Central Asia,1.472,0.436,0.111,0.183,2018,Lower middle income
Taiwan,6.359020523313538,13482.327530801687,80.27503051401672,East Asia,1.43,0.351,0.242,0.097,2018,Lower middle income
Chile,6.467583715651757,11682.106925812144,77.80296517075197,Latin America & Caribbean,1.369,0.357,0.187,0.056,2018,Lower middle income
Guatemala,6.538782682806099,7852.801179452181,77.03042429102399,Latin America & Caribbean,1.269,0.535,0.175,0.078,2018,Lower middle income
Saudi Arabia,6.302486184339205,13997.565802492194,77.55903986714712,Middle East & North Africa,1.357,0.439,0.08,0.132,2018,Lower middle income
Qatar,6.324942208708548,16617.361781073083,78.40645770741993,Middle East & North Africa,1.313,0.555,0.22,0.167,2018,Upper middle income
Spain,6.268507339621336,13088.881480026537,80.202406797563,Europe & Central Asia,1.484,0.362,0.153,0.079,2018,Lower middle income
Panama,6.43469606552939,11267.956343393731,79.0405153950551,Latin America & Caribbean,1.442,0.516,0.109,0.054,2018,Lower middle income
Brazil,6.224473516940611,9944.356159785955,78.50606204876986,Latin America & Caribbean,1.439,0.39,0.099,0.086,2018,Lower middle income
Uruguay,6.167509910755291,11284.051293627794,78.62993231539994,Latin America & Caribbean,1.465,0.523,0.127,0.15,2018,Lower middle income
Singapore,6.157224605555121,15740.819575324533,81.77346089689748,East Asia & Pacific,1.463,0.556,0.271,0.453,2018,Upper middle income
El Salvador,6.139126652838249,8093.8680472300175,75.52790359523533,Latin America & Caribbean,1.242,0.43,0.093,0.074,2018,Lower middle income
Italy,6.17309526564473,12976.024415331796,81.68120946767746,Europe & Central Asia,1.488,0.231,0.158,0.03,2018,Lower middle income
Bahrain,6.218249753741656,13541.994661952709,77.52166189029842,Middle East & North Africa,1.368,0.536,0.255,0.11,2018,Lower middle income
Slovakia,6.13818373604214,12345.762091067552,76.8659155954937,Eastern Europe,1.504,0.334,0.121,0.014,2018,Lower middle income
Trinidad & Tobago,6.184460976161956,12433.815869434948,75.95976318237851,Other,1.477,0.489,0.185,0.016,2018,Lower middle income
Poland,6.208831804462822,12004.575474007763,78.43578681783923,Europe & Central Asia,1.438,0.483,0.117,0.05,2018,Lower middle income
Uzbekistan,6.216209725157146,7582.354816646044,75.83361829791458,Europe & Central Asia,1.529,0.631,0.322,0.24,2018,Lower middle income
Lithuania,6.1711927044696395,12213.692100403241,76.91285030719584,Europe & Central Asia,1.515,0.291,0.043,0.042,2018,Lower middle income
Colombia,6.003343135155248,9667.456418884285,77.44820121149662,Latin America & Caribbean,1.41,0.47,0.099,0.034,2018,Lower middle income
Slovenia,5.99895973188226,12717.145223088708,78.6681970420495,Europe & Central Asia,1.523,0.564,0.144,0.057,2018,Lower middle income
Nicaragua,6.196486140158283,6975.762782115348,78.33101248809957,Latin America & Caribbean,1.325,0.435,0.2,0.127,2018,Lower middle income
Kosovo,6.157315611484726,8714.704484767826,74.85832222999942,Other,1.232,0.489,0.262,0.006,2018,Lower middle income
Argentina,5.974106875864591,10706.498459808709,77.86752135186676,Latin America & Caribbean,1.432,0.471,0.066,0.05,2018,Lower middle income
Romania,5.951608593975507,11478.914710374476,76.22174232784573,Europe & Central Asia,1.232,0.462,0.083,0.005,2018,Lower middle income
Cyprus,5.938654733360032,12856.42578845035,81.17254330244421,Europe & Central Asia,1.223,0.406,0.19,0.041,2018,Lower middle income
Ecuador,6.122767671284337,9185.164606437756,79.11581394829959,Latin America & Caribbean,1.312,0.498,0.126,0.087,2018,Lower middle income
Kuwait,5.990242064944345,14970.340095064543,75.83471550662712,Middle East & North Africa,1.319,0.493,0.142,0.097,2018,Upper middle income
Thailand,5.907465868693069,10444.164881692468,78.56533707045396,East Asia & Pacific,1.409,0.557,0.359,0.028,2018,Lower middle income
Latvia,5.968002329005114,11846.771561141752,78.69283775263312,Europe & Central Asia,1.465,0.264,0.075,0.064,2018,Lower middle income
South Korea,5.876160002389095,13214.03952428694,81.86373716732489,East Asia,1.219,0.159,0.175,0.056,2018,Lower middle income
Estonia,5.901241716532466,12409.188373303288,78.35355402598216,Europe & Central Asia,1.528,0.495,0.103,0.161,2018,Lower middle income
Jamaica,6.000866091938123,8388.435284344223,78.34103577657712,Latin America & Caribbean,1.478,0.49,0.107,0.028,2018,Lower middle income
Mauritius,5.932753440032727,11294.324406892782,76.65825098111361,Sub-Saharan Africa,1.402,0.498,0.215,0.06,2018,Lower middle income
Japan,5.869351468402146,13056.840476932482,82.73440426268397,East Asia & Pacific,1.419,0.445,0.069,0.14,2018,Lower middle income
Honduras,5.892558358429049,6461.2503453512145,78.00961658115763,Latin America & Caribbean,1.236,0.507,0.246,0.078,2018,Lower middle income
Kazakhstan,5.717085350742658,11632.18348251684,75.81076136059608,Europe & Central Asia,1.508,0.41,0.146,0.096,2018,Lower middle income
Bolivia,5.683430161798232,7709.611803265559,75.69003679500948,Latin America & Caribbean,1.209,0.511,0.137,0.064,2018,Lower middle income
Hungary,5.735137238699894,11907.36933104239,76.49297918607687,Europe & Central Asia,1.41,0.199,0.081,0.02,2018,Lower middle income
Paraguay,5.670912639986013,8517.324302551357,77.00657955553133,Latin America & Caribbean,1.475,0.514,0.184,0.08,2018,Lower middle income
Northern Cyprus,5.7746866703468065,12713.192216981235,81.0770062839558,Other,1.252,0.417,0.191,0.162,2018,Lower middle income
Peru,5.6691821301756695,9688.791905106576,78.3537216692144,Latin America & Caribbean,1.274,0.455,0.083,0.027,2018,Lower middle income
Portugal,5.658817255757979,12438.543013730748,81.374334717763,Europe & Central Asia,1.431,0.508,0.047,0.025,2018,Lower middle income
Pakistan,5.685909098860159,6685.078164036026,71.71312592162816,South Asia,0.886,0.313,0.22,0.098,2018,Lower middle income
Russia,5.701467952059192,11784.861010622422,75.93546204263504,Other,1.452,0.334,0.082,0.031,2018,Lower middle income
Philippines,5.575100521901692,8057.552743891538,74.86172928556246,East Asia & Pacific,1.293,0.558,0.117,0.107,2018,Lower middle income
Serbia,5.7096927208907875,10196.07081041038,79.07900874096806,Europe & Central Asia,1.383,0.282,0.137,0.039,2018,Lower middle income
Moldova,5.5463181093113745,6833.325357216742,74.66392271735958,Europe & Central Asia,1.328,0.245,0.181,0.0,2018,Lower middle income
Libya,5.63518216786736,10609.78282657066,74.92942114690783,Middle East & North Africa,1.303,0.416,0.133,0.152,2018,Lower middle income
Montenegro,5.614461836698483,10387.631139503743,78.79096335415973,Europe & Central Asia,1.361,0.197,0.142,0.08,2018,Lower middle income
Tajikistan,5.432822905196403,4963.960684272172,75.05194515699229,Europe & Central Asia,1.098,0.389,0.23,0.144,2018,Low income
Croatia,5.472131870975609,11450.590517232931,79.23526093218763,Europe & Central Asia,1.266,0.296,0.119,0.022,2018,Lower middle income
Hong Kong,5.44460294767542,14469.613920732527,81.70494194667751,East Asia,1.277,0.44,0.258,0.287,2018,Lower middle income
Dominican Republic,5.324580251894322,10231.481756564535,78.13058854228143,Latin America & Caribbean,1.401,0.497,0.113,0.101,2018,Lower middle income
Bosnia and Herzegovina,5.445283019399556,9265.557943627218,77.1311857664662,Europe & Central Asia,1.212,0.212,0.263,0.006,2018,Lower middle income
Turkey,5.436321058717545,11863.036783380741,76.23864186146533,Other,1.36,0.195,0.083,0.106,2018,Lower middle income
Malaysia,5.3819433296216745,12329.651671477599,77.74457231467524,East Asia & Pacific,1.171,0.508,0.26,0.024,2018,Lower middle income
Belarus,5.3095142949376735,10786.621583643002,75.62167518361909,Europe & Central Asia,1.465,0.235,0.094,0.142,2018,Lower middle income
Greece,5.211392050037747,11787.299220619234,79.38605634335006,Europe & Central Asia,1.156,0.067,0.0,0.034,2018,Lower middle income
Mongolia,5.256769695081024,9329.743995208677,74.40880735866594,East Asia & Pacific,1.531,0.317,0.235,0.038,2018,Lower middle income
North Macedonia,5.3124910895259205,9803.634882866874,77.91997588355709,Europe & Central Asia,1.294,0.345,0.185,0.034,2018,Lower middle income
Nigeria,5.349280396606656,6990.865188612573,68.59825602872033,Sub-Saharan Africa,1.111,0.426,0.215,0.041,2018,Lower middle income
Kyrgyzstan,5.345464599602188,5411.486965022651,75.19543671066423,Other,1.438,0.508,0.3,0.023,2018,Lower middle income
Turkmenistan,5.25471161525196,10594.63850228858,75.03674813033676,Europe & Central Asia,1.538,0.394,0.244,0.028,2018,Lower middle income
Algeria,5.273968674309434,9909.071930037191,75.75711540136761,Middle East & North Africa,1.16,0.086,0.073,0.114,2018,Lower middle income
Morocco,5.17625459559245,8149.469377297382,77.47703724199172,Middle East & North Africa,0.782,0.418,0.036,0.076,2018,Lower middle income
Azerbaijan,5.149485075586189,10515.309669551221,76.09608203589015,Europe & Central Asia,1.147,0.351,0.035,0.182,2018,Lower middle income
Lebanon,5.221011494679342,9991.395982751103,78.42722998077777,Middle East & North Africa,1.224,0.216,0.166,0.027,2018,Lower middle income
Indonesia,5.263165678712655,9478.50894240388,74.79610738705111,East Asia & Pacific,1.203,0.491,0.498,0.028,2018,Lower middle income
China,5.182155117633323,10145.180897883749,77.5095257100079,East Asia & Pacific,1.125,0.521,0.058,0.1,2018,Lower middle income
Vietnam,5.113781875262158,7276.438280072095,77.18518146578025,East Asia & Pacific,1.346,0.543,0.147,0.073,2018,Lower middle income
Bhutan,5.161072576822269,8051.620773444993,72.82382857898492,South Asia,1.321,0.457,0.37,0.167,2018,Lower middle income
Cameroon,4.974980266109277,5479.547944141226,70.72382836374418,Sub-Saharan Africa,0.91,0.381,0.187,0.037,2018,Lower middle income
Bulgaria,5.026458735609225,10830.59744524586,77.9680673547937,Europe & Central Asia,1.513,0.311,0.081,0.004,2018,Lower middle income
Ghana,5.040584950943869,6184.834961345936,73.44870240634535,Sub-Saharan Africa,0.868,0.381,0.245,0.04,2018,Lower middle income
Ivory Coast,5.003520169767666,5638.849823004383,68.55291668168664,Other,0.808,0.352,0.154,0.09,2018,Lower middle income
Nepal,4.971749184309069,4433.430564541562,74.3680449023579,South Asia,1.226,0.439,0.285,0.089,2018,Low income
Jordan,4.836355102790291,8481.430504667966,77.93734510820768,Middle East & North Africa,1.225,0.383,0.11,0.13,2018,Lower middle income
Benin,4.906517124270572,3944.5748982019195,72.1815007504616,Sub-Saharan Africa,0.437,0.349,0.175,0.082,2018,Low income
Congo (Brazzaville),4.80072417167145,6859.702081015974,72.02143884729585,Other,0.799,0.372,0.105,0.093,2018,Lower middle income
Gabon,4.821278319807713,10526.016829685883,74.3430898552633,Sub-Saharan Africa,1.183,0.295,0.043,0.055,2018,Lower middle income
Laos,4.7767923678986035,7568.48015935296,72.07814964874473,Other,1.03,0.547,0.266,0.164,2018,Lower middle income
South Africa,4.704045098918699,9611.906853987448,70.90382153373304,Sub-Saharan Africa,1.351,0.389,0.13,0.055,2018,Lower middle income
Albania,4.7403547623966595,9613.034723191797,76.93733268527606,Europe & Central Asia,0.848,0.383,0.178,0.027,2018,Lower middle income
Venezuela,4.755290447793558,9528.995067065549,77.19670121232507,Other,1.427,0.154,0.064,0.047,2018,Lower middle income
Cambodia,4.760115874458855,5774.891594340588,75.01176904059257,East Asia & Pacific,1.122,0.609,0.232,0.062,2018,Lower middle income
Palestinian Territories,4.730323154562655,6485.42823678322,74.23629608750402,Other,1.247,0.225,0.103,0.066,2018,Lower middle income
Senegal,4.771894599544708,4539.369287946611,72.80575198375828,Sub-Saharan Africa,1.134,0.292,0.153,0.072,2018,Low income
Somalia,4.628685819593709,0.0,70.37826845157878,Sub-Saharan Africa,0.698,0.559,0.243,0.27,2018,Low income
Namibia,4.569822431550316,8658.383282798906,72.48536358286138,Sub-Saharan Africa,1.313,0.401,0.07,0.056,2018,Lower middle income
Niger,4.69216713479707,1356.0378037629127,70.27516577007513,Sub-Saharan Africa,0.774,0.318,0.188,0.102,2018,Low income
Burkina Faso,4.533395258757954,3290.684714457629,70.8217575986022,Sub-Saharan Africa,1.056,0.255,0.177,0.113,2018,Low income
Armenia,4.537259105032683,8554.344144827222,75.89771047574048,Europe & Central Asia,1.055,0.283,0.095,0.064,2018,Lower middle income
Iran,4.501701474095188,10875.438282574994,77.54840361944099,Other,0.842,0.305,0.27,0.125,2018,Lower middle income
Guinea,4.5450326390268385,3820.5539702989645,69.52366774685231,Sub-Saharan Africa,0.829,0.332,0.207,0.086,2018,Low income
Georgia,4.54365042022029,8817.432365692981,74.79674578952913,Europe & Central Asia,0.666,0.346,0.043,0.164,2018,Lower middle income
Gambia,4.514977913013661,3050.9807154484424,72.06527816222217,Other,0.939,0.382,0.269,0.167,2018,Low income
Kenya,4.4236635256411,5141.400328368545,73.00817109976443,Sub-Saharan Africa,0.983,0.431,0.372,0.053,2018,Lower middle income
Mauritania,4.5208948302867595,5794.206264098149,72.26907221626126,Sub-Saharan Africa,1.167,0.066,0.106,0.088,2018,Lower middle income
Mozambique,4.501502280514755,2041.5447416107454,72.10263916474993,Sub-Saharan Africa,0.986,0.494,0.197,0.138,2018,Low income
Tunisia,4.404633132405563,9179.008787098785,76.78020848475876,Middle East & North Africa,1.0,0.167,0.059,0.055,2018,Lower middle income
Bangladesh,4.525504014788565,5621.593951305064,76.83560765945617,South Asia,0.928,0.527,0.166,0.143,2018,Lower middle income
Iraq,4.525000887665769,10622.73043652399,72.30205706297751,Middle East & North Africa,0.98,0.241,0.148,0.089,2018,Lower middle income
Congo (Kinshasa),4.371743773039806,954.5431400585732,70.05400075191032,Other,1.125,0.269,0.212,0.053,2018,Low income
Mali,4.34032191670259,3918.6678483615574,69.20977182658332,Sub-Saharan Africa,1.105,0.327,0.153,0.052,2018,Low income
Sierra Leone,4.343430158346051,2639.9543425593765,68.89371082933125,Sub-Saharan Africa,0.841,0.309,0.252,0.045,2018,Low income
Sri Lanka,4.3629514528341105,9494.877196818745,76.76831134963439,South Asia,1.265,0.47,0.244,0.047,2018,Lower middle income
Myanmar,4.315477959810314,7051.835475301444,72.03834928772719,East Asia & Pacific,1.181,0.525,0.566,0.172,2018,Lower middle income
Chad,4.3590958841447724,3556.0562278918883,67.62135141631856,Sub-Saharan Africa,0.766,0.174,0.198,0.078,2018,Low income
Ukraine,4.346959124610765,8151.538473779699,75.44109639967512,Europe & Central Asia,1.39,0.178,0.187,0.01,2018,Lower middle income
Ethiopia,4.223099646987955,3305.3663770763847,74.09069255417658,Sub-Saharan Africa,1.033,0.344,0.209,0.1,2018,Low income
Swaziland,4.257183299489482,8191.716216347298,65.91053219791239,Other,1.149,0.313,0.074,0.135,2018,Lower middle income
Uganda,4.2163267823950665,3374.333616644023,70.73400540004411,Sub-Saharan Africa,1.069,0.356,0.252,0.06,2018,Low income
Egypt,4.155310327356265,9169.579367389117,74.78200843886935,Other,1.039,0.241,0.076,0.067,2018,Lower middle income
Zambia,4.1818858371969165,5837.012246204149,71.68597385487169,Sub-Saharan Africa,1.058,0.431,0.247,0.087,2018,Lower middle income
Togo,4.10413921709861,2703.8501885919445,70.56719806818418,Sub-Saharan Africa,0.572,0.293,0.177,0.085,2018,Low income
India,4.004102711874125,7627.340431441711,73.69800358092472,South Asia,0.765,0.498,0.2,0.085,2018,Lower middle income
Liberia,3.975570156139516,719.6934780580756,72.05187182426744,Sub-Saharan Africa,0.922,0.37,0.233,0.033,2018,Low income
Comoros,4.004294686596436,2785.337722860984,73.8106902940586,Sub-Saharan Africa,0.757,0.142,0.275,0.078,2018,Low income
Madagascar,3.9403157859326385,2787.0317845324257,73.18762903897805,Sub-Saharan Africa,0.916,0.148,0.169,0.041,2018,Low income
Lesotho,3.866947052243411,4960.070100012963,68.34279402727279,Sub-Saharan Africa,1.169,0.359,0.107,0.093,2018,Low income
Burundi,3.7308399969854147,459.6500385007941,69.34244372848359,Sub-Saharan Africa,0.447,0.22,0.176,0.18,2018,Low income
Zimbabwe,3.6824720920146468,3704.262534523787,70.78784288645187,Sub-Saharan Africa,1.114,0.361,0.151,0.089,2018,Low income
Haiti,3.6628202330248945,3241.5231443069206,72.99348251004854,Latin America & Caribbean,0.688,0.026,0.419,0.11,2018,Low income
Botswana,3.4188185397984334,10514.388875287807,73.30852351814147,Sub-Saharan Africa,1.145,0.455,0.025,0.1,2018,Lower middle income
Syria,3.4451887935183763,6118.527832548874,71.04786085212997,Other,0.378,0.013,0.331,0.141,2018,Lower middle income
Malawi,3.4111352761010396,1918.8605298659518,72.26163255830281,Sub-Saharan Africa,0.56,0.443,0.218,0.089,2018,Low income
Yemen,3.4256934890596886,2877.368843343406,70.77326416644254,Other,1.163,0.143,0.108,0.077,2018,Low income
Rwanda,3.3476593454092076,3650.1023115781277,74.98715614970952,Sub-Saharan Africa,0.711,0.555,0.217,0.411,2018,Low income
Tanzania,3.192971288922479,4719.440425121495,73.13252503589854,Sub-Saharan Africa,0.885,0.417,0.276,0.147,2018,Low income
Afghanistan,3.2168267174751177,3534.7219278760617,69.17134013141231,South Asia,0.517,0.0,0.158,0.025,2018,Low income
Central African Republic,3.033939707143354,259.7800860463154,67.77992207892092,Sub-Saharan Africa,0.0,0.225,0.235,0.035,2018,Low income
South Sudan,2.8195741247868322,3014.183687922182,69.68714067278846,Sub-Saharan Africa,0.575,0.01,0.202,0.091,2018,Low income
